日期,股票代码,开盘,收盘,最高,最低,成交量,成交额,振幅,涨跌幅,涨跌额,换手率
2017-03-10,300620,5.92,6.59,6.59,5.92,23,37702.0,15.37,51.15,2.23,0.01
2017-03-13,300620,7.33,7.33,7.33,7.33,12,21732.0,0.0,11.23,0.74,0.01
2017-03-14,300620,8.13,8.13,8.13,8.13,10,19920.0,0.0,10.91,0.8,0.0
2017-03-15,300620,9.02,9.02,9.02,9.02,8,17528.0,0.0,10.95,0.89,0.0
2017-03-16,300620,9.99,9.99,9.99,9.99,20,48200.0,0.0,10.75,0.97,0.01
2017-03-17,300620,11.06,11.06,11.06,11.06,25,66275.0,0.0,10.71,1.07,0.01
2017-03-20,300620,12.24,12.24,12.24,12.24,12,34992.0,0.0,10.67,1.18,0.01
2017-03-21,300620,13.54,13.54,13.54,13.54,50,160624.0,0.0,10.62,1.3,0.02
2017-03-22,300620,14.96,14.96,14.96,14.96,50,174756.0,0.0,10.49,1.42,0.02
2017-03-23,300620,16.53,16.53,16.53,16.53,42,164674.0,0.0,10.49,1.57,0.02
2017-03-24,300620,18.26,18.26,18.26,18.26,240,1025098.0,0.0,10.47,1.73,0.11
2017-03-27,300620,20.15,20.15,20.15,20.15,174,818593.0,0.0,10.35,1.89,0.08
2017-03-28,300620,22.24,22.24,22.24,22.24,432,2231420.0,0.0,10.37,2.09,0.2
2017-03-29,300620,24.54,24.54,24.54,24.54,722,4101347.0,0.0,10.34,2.3,0.33
2017-03-30,300620,27.06,27.06,27.06,25.5,135728,830931536.0,6.36,10.27,2.52,61.69
2017-03-31,300620,26.39,24.29,26.83,24.29,89363,525495280.0,9.39,-10.24,-2.77,40.62
2017-04-05,300620,22.39,23.06,23.7,21.81,56741,299477328.0,7.78,-5.06,-1.23,25.79
2017-04-06,300620,23.01,23.59,24.74,22.89,51599,285569888.0,8.02,2.3,0.53,23.45
2017-04-07,300620,23.28,22.44,24.02,22.43,37670,202292847.0,6.74,-4.87,-1.15,17.12
2017-04-10,300620,21.94,20.16,22.03,20.15,46166,225959145.0,8.38,-10.16,-2.28,20.98
2017-04-11,300620,20.38,20.72,20.81,20.03,28744,137068239.0,3.87,2.78,0.56,13.07
2017-04-12,300620,20.7,20.27,20.82,20.21,20039,95629114.0,2.94,-2.17,-0.45,9.11
2017-04-13,300620,20.34,20.41,20.74,20.22,14346,68555943.0,2.57,0.69,0.14,6.52
2017-04-14,300620,20.1,19.86,20.14,19.73,14803,68810783.0,2.01,-2.69,-0.55,6.73
2017-04-17,300620,18.19,17.8,18.57,17.8,27630,116868649.0,3.88,-10.37,-2.06,12.56
2017-04-18,300620,17.92,17.59,18.03,17.59,11569,48087434.0,2.47,-1.18,-0.21,5.26
2017-04-19,300620,17.39,18.03,18.13,17.19,16961,70623767.0,5.34,2.5,0.44,7.71
2017-04-20,300620,17.9,17.46,18.06,17.1,14144,58284265.0,5.32,-3.16,-0.57,6.43
2017-04-21,300620,17.54,17.63,17.85,17.5,11081,45857866.0,2.0,0.97,0.17,5.04
2017-04-24,300620,17.59,16.66,17.59,16.63,14311,56628804.0,5.45,-5.5,-0.97,6.51
2017-04-25,300620,16.68,17.17,17.3,16.68,13799,55250963.0,3.72,3.06,0.51,6.27
2017-04-26,300620,17.06,17.41,17.89,16.93,17953,73850514.0,5.59,1.4,0.24,8.16
2017-04-27,300620,17.3,18.42,18.48,17.23,28122,118167796.0,7.18,5.8,1.01,12.78
2017-04-28,300620,18.3,18.24,18.39,18.13,14833,63374617.0,1.41,-0.98,-0.18,6.74
2017-05-02,300620,18.2,18.11,18.38,18.06,10526,44789825.0,1.75,-0.71,-0.13,4.78
2017-05-03,300620,18.11,18.06,18.35,17.54,18152,76193469.0,4.47,-0.28,-0.05,8.25
2017-05-04,300620,17.86,17.51,18.02,17.5,12134,50350286.0,2.88,-3.05,-0.55,5.52
2017-05-05,300620,17.45,16.82,17.63,16.82,13761,55745146.0,4.63,-3.94,-0.69,6.26
2017-05-08,300620,16.65,15.96,16.74,15.95,12766,48929639.0,4.7,-5.11,-0.86,5.8
2017-05-09,300620,15.94,16.2,16.26,15.66,16032,60312135.0,3.76,1.5,0.24,7.29
2017-05-10,300620,16.12,15.6,16.56,15.59,15688,59798566.0,5.99,-3.7,-0.6,7.13
2017-05-11,300620,15.28,15.78,15.85,14.98,16552,59954504.0,5.58,1.15,0.18,7.52
2017-05-12,300620,15.79,15.98,16.15,15.67,13924,52292264.0,3.04,1.27,0.2,6.33
2017-05-15,300620,16.14,15.89,16.14,15.85,9453,35494303.0,1.81,-0.56,-0.09,4.3
2017-05-16,300620,15.78,16.38,16.41,15.46,14663,55064994.0,5.98,3.08,0.49,6.67
2017-05-17,300620,16.36,16.43,16.96,16.35,17032,66730486.0,3.72,0.31,0.05,7.74
2017-05-18,300620,16.26,16.65,16.88,16.18,16533,64409254.0,4.26,1.34,0.22,7.51
2017-05-19,300620,16.66,16.26,16.82,16.19,10625,41064054.0,3.78,-2.34,-0.39,4.83
2017-05-22,300620,16.15,14.9,16.41,14.75,15147,55471220.0,10.21,-8.36,-1.36,6.89
2017-05-23,300620,14.91,14.27,15.04,14.24,11215,38713657.0,5.37,-4.23,-0.63,5.1
2017-05-24,300620,14.3,14.55,14.66,14.13,8861,30237803.0,3.71,1.96,0.28,4.03
2017-05-25,300620,14.54,14.61,14.69,14.02,10661,36293104.0,4.6,0.41,0.06,4.85
2017-05-26,300620,14.67,14.71,14.95,14.46,8961,31146889.0,3.35,0.68,0.1,4.07
2017-05-31,300620,15.27,14.7,15.54,14.69,13798,49373156.0,5.78,-0.07,-0.01,6.27
2017-06-01,300620,14.53,13.72,14.61,13.72,11110,37284775.0,6.05,-6.67,-0.98,5.05
2017-06-02,300620,13.72,14.22,14.38,13.5,7745,25605618.0,6.41,3.64,0.5,3.52
2017-06-05,300620,14.21,14.35,14.61,14.21,8043,27488365.0,2.81,0.91,0.13,3.66
2017-06-06,300620,14.17,14.37,14.47,14.1,5141,17420969.0,2.58,0.14,0.02,2.34
2017-06-07,300620,14.37,15.06,15.21,14.34,14409,50601998.0,6.05,4.8,0.69,6.55
2017-06-08,300620,15.01,14.8,15.13,14.75,9437,33303381.0,2.52,-1.73,-0.26,4.29
2017-06-09,300620,14.78,15.2,15.2,14.68,10763,37795473.0,3.51,2.7,0.4,4.89
2017-06-12,300620,15.02,14.34,15.02,14.3,11599,40270813.0,4.74,-5.66,-0.86,5.27
2017-06-13,300620,14.19,14.89,14.95,14.19,9098,31557135.0,5.3,3.84,0.55,4.14
2017-06-14,300620,14.88,14.76,14.97,14.64,8027,28033664.0,2.22,-0.87,-0.13,3.65
2017-06-15,300620,14.81,15.48,15.66,14.76,18655,67351540.0,6.1,4.88,0.72,8.48
2017-06-16,300620,15.53,15.42,15.53,15.19,12162,44034851.0,2.2,-0.39,-0.06,5.53
2017-06-19,300620,15.41,15.59,15.61,15.23,9915,36019852.0,2.46,1.1,0.17,4.51
2017-06-20,300620,15.75,15.33,15.78,15.31,10171,37130184.0,3.01,-1.67,-0.26,4.62
2017-06-21,300620,15.44,15.34,15.44,15.08,8849,31796273.0,2.35,0.07,0.01,4.02
2017-06-22,300620,15.23,14.66,15.38,14.66,9586,34013243.0,4.69,-4.43,-0.68,4.36
2017-06-23,300620,14.66,14.54,14.78,14.07,10570,35975728.0,4.84,-0.82,-0.12,4.8
2017-06-26,300620,14.52,14.71,14.74,14.3,5373,18497984.0,3.03,1.17,0.17,2.44
2017-06-27,300620,14.65,14.74,14.93,14.65,5243,18300493.0,1.9,0.2,0.03,2.38
2017-06-28,300620,14.73,14.3,14.73,14.25,6806,23192278.0,3.26,-2.99,-0.44,3.09
2017-06-29,300620,14.26,14.44,14.62,14.26,4652,15888423.0,2.52,0.98,0.14,2.11
2017-06-30,300620,14.41,14.65,14.77,14.32,6629,22854838.0,3.12,1.45,0.21,3.01
2017-07-03,300620,14.73,15.14,15.19,14.6,11160,39297359.0,4.03,3.34,0.49,5.07
2017-07-04,300620,15.14,15.07,15.26,14.98,7360,26211619.0,1.85,-0.46,-0.07,3.35
2017-07-05,300620,15.0,15.49,15.58,14.98,12588,45572786.0,3.98,2.79,0.42,5.72
2017-07-06,300620,15.4,15.69,15.71,15.26,15225,55654624.0,2.91,1.29,0.2,6.92
2017-07-07,300620,15.72,16.3,16.39,15.63,21685,81666436.0,4.84,3.89,0.61,9.86
2017-07-10,300620,16.12,15.42,16.17,15.28,18598,68800845.0,5.46,-5.4,-0.88,8.45
2017-07-11,300620,15.39,15.18,15.63,15.17,9343,34008392.0,2.98,-1.56,-0.24,4.25
2017-07-12,300620,15.27,15.46,15.5,14.61,9786,34717293.0,5.86,1.84,0.28,4.45
2017-07-13,300620,15.3,15.22,15.42,15.09,6338,22766419.0,2.13,-1.55,-0.24,2.88
2017-07-14,300620,15.14,15.31,15.63,15.12,8535,30987217.0,3.35,0.59,0.09,3.88
2017-07-17,300620,14.92,13.71,14.97,13.71,15765,52504727.0,8.23,-10.45,-1.6,7.17
2017-07-18,300620,13.66,13.47,13.77,12.85,12149,38351840.0,6.71,-1.75,-0.24,5.52
2017-07-19,300620,13.37,13.46,13.58,13.03,8759,27715436.0,4.08,-0.07,-0.01,3.98
2017-07-20,300620,13.46,13.47,13.79,13.41,9324,30025322.0,2.82,0.07,0.01,4.24
2017-07-21,300620,13.74,13.49,13.74,13.34,5490,17559674.0,2.97,0.15,0.02,2.5
2017-07-24,300620,13.28,13.5,13.63,13.06,8443,26703239.0,4.23,0.07,0.01,3.84
2017-07-25,300620,13.48,13.42,13.57,13.3,4441,14153920.0,2.0,-0.59,-0.08,2.02
2017-07-26,300620,13.5,13.38,13.53,13.34,3733,11872781.0,1.42,-0.3,-0.04,1.7
2017-07-27,300620,13.38,13.8,13.91,13.23,10111,32880142.0,5.08,3.14,0.42,4.6
2017-07-28,300620,13.77,13.51,14.01,13.5,7816,25369057.0,3.7,-2.1,-0.29,3.55
2017-07-31,300620,13.53,13.46,13.76,13.37,5294,16933189.0,2.89,-0.37,-0.05,2.41
2017-08-01,300620,13.45,13.45,13.56,13.32,5167,16444919.0,1.78,-0.07,-0.01,2.35
2017-08-02,300620,13.5,13.08,13.5,13.08,5908,18595519.0,3.12,-2.75,-0.37,2.69
2017-08-03,300620,13.09,13.24,13.49,13.05,5676,17881159.0,3.36,1.22,0.16,2.58
2017-08-04,300620,13.23,13.3,13.33,13.06,6297,19735802.0,2.04,0.45,0.06,2.86
2017-08-07,300620,13.33,13.46,13.51,13.33,4427,14092144.0,1.35,1.2,0.16,2.01
2017-08-08,300620,13.48,13.48,13.53,13.29,4744,15112743.0,1.78,0.15,0.02,2.16
2017-08-09,300620,13.5,13.55,13.63,13.39,5771,18516112.0,1.78,0.52,0.07,2.62
2017-08-10,300620,13.55,13.25,13.62,13.18,4533,14413597.0,3.25,-2.21,-0.3,2.06
2017-08-11,300620,12.96,12.97,13.11,12.83,7073,21761885.0,2.11,-2.11,-0.28,3.21
2017-08-14,300620,12.95,13.28,13.36,12.9,5831,18186405.0,3.55,2.39,0.31,2.65
2017-08-15,300620,13.28,13.38,13.48,13.25,5661,17938312.0,1.73,0.75,0.1,2.57
2017-08-16,300620,13.37,13.74,13.92,13.37,13867,45125326.0,4.11,2.69,0.36,6.3
2017-08-17,300620,13.74,13.75,13.99,13.57,11439,37272773.0,3.06,0.07,0.01,5.2
2017-08-18,300620,13.7,13.58,13.7,13.54,7333,23627014.0,1.16,-1.24,-0.17,3.33
2017-08-21,300620,13.58,13.97,14.04,13.58,10337,33930050.0,3.39,2.87,0.39,4.7
2017-08-22,300620,13.93,13.78,14.21,13.72,13514,44725165.0,3.51,-1.36,-0.19,6.14
2017-08-23,300620,13.78,13.85,14.02,13.58,8516,27837726.0,3.19,0.51,0.07,3.87
2017-08-24,300620,13.77,13.9,14.34,13.77,16517,54937472.0,4.12,0.36,0.05,7.51
2017-08-25,300620,13.86,15.36,15.36,13.85,35771,125559148.0,10.86,10.5,1.46,16.26
2017-08-28,300620,15.63,16.2,16.68,15.47,54125,203503577.0,7.88,5.47,0.84,24.6
2017-08-29,300620,16.21,15.87,16.38,15.85,38581,145303164.0,3.27,-2.04,-0.33,17.54
2017-08-30,300620,15.8,15.55,15.81,15.36,24774,90903755.0,2.84,-2.02,-0.32,11.26
2017-08-31,300620,15.51,16.18,16.34,15.51,31191,117082598.0,5.34,4.05,0.63,14.18
2017-09-01,300620,16.16,15.96,16.42,15.8,27018,102187409.0,3.83,-1.36,-0.22,12.28
2017-09-04,300620,15.94,16.09,16.51,15.72,25723,97921662.0,4.95,0.81,0.13,11.69
2017-09-05,300620,16.28,16.81,17.52,16.28,36736,145826161.0,7.71,4.47,0.72,16.7
2017-09-06,300620,16.53,16.74,16.78,16.17,26116,100839072.0,3.63,-0.42,-0.07,11.87
2017-09-07,300620,16.72,16.3,17.49,16.3,32818,130534934.0,7.11,-2.63,-0.44,14.92
2017-09-08,300620,16.22,16.05,16.51,15.94,20998,79922147.0,3.5,-1.53,-0.25,9.54
2017-09-11,300620,15.97,16.26,16.38,15.93,14196,54024260.0,2.8,1.31,0.21,6.45
2017-09-12,300620,16.21,16.33,16.84,16.11,22554,87577233.0,4.49,0.43,0.07,10.25
2017-09-13,300620,16.22,16.17,16.52,15.94,14297,54271923.0,3.55,-0.98,-0.16,6.5
2017-09-14,300620,16.12,16.88,17.26,16.11,32897,128964176.0,7.11,4.39,0.71,14.95
2017-09-15,300620,16.95,17.2,17.33,16.48,28597,113354783.0,5.04,1.9,0.32,13.0
2017-09-18,300620,17.06,17.1,17.16,16.61,18375,72758799.0,3.2,-0.58,-0.1,8.35
2017-09-19,300620,17.01,18.46,18.88,17.0,44047,187962380.0,10.99,7.95,1.36,20.02
2017-09-20,300620,18.2,18.58,18.6,17.81,28627,122137599.0,4.28,0.65,0.12,13.01
2017-09-21,300620,18.65,17.42,18.65,17.39,28007,118034711.0,6.78,-6.24,-1.16,12.73
2017-09-22,300620,17.4,18.09,18.22,17.19,22200,92627367.0,5.91,3.85,0.67,10.09
2017-09-25,300620,17.86,18.86,19.97,17.78,39615,176058752.0,12.11,4.26,0.77,18.01
2017-09-26,300620,18.45,17.49,18.54,17.1,30851,128152478.0,7.64,-7.26,-1.37,14.02
2017-09-27,300620,17.43,18.99,19.31,17.43,38283,165222068.0,10.75,8.58,1.5,17.4
2017-09-28,300620,18.68,18.71,19.27,18.42,30611,134608546.0,4.48,-1.47,-0.28,13.91
2017-09-29,300620,18.83,18.93,19.57,18.79,26113,116549203.0,4.17,1.18,0.22,11.87
2017-10-09,300620,19.5,18.8,19.86,18.63,29381,132437814.0,6.5,-0.69,-0.13,13.35
2017-10-10,300620,18.52,18.77,18.8,18.04,24445,105124350.0,4.04,-0.16,-0.03,11.11
2017-10-11,300620,18.72,17.86,18.94,17.86,22566,96152048.0,5.75,-4.85,-0.91,10.26
2017-10-12,300620,17.81,18.06,18.48,17.72,15562,65946000.0,4.26,1.12,0.2,7.07
2017-10-13,300620,18.14,18.19,18.42,17.96,12627,53892794.0,2.55,0.72,0.13,5.74
2017-10-16,300620,18.36,16.83,18.36,16.83,23974,98048207.0,8.41,-7.48,-1.36,10.9
2017-10-17,300620,16.83,16.92,17.12,16.69,9031,35876532.0,2.55,0.53,0.09,4.1
2017-10-18,300620,16.92,16.18,17.13,16.04,15556,60697620.0,6.44,-4.37,-0.74,7.07
2017-10-19,300620,16.29,16.47,16.58,16.09,10234,39397009.0,3.03,1.79,0.29,4.65
2017-10-20,300620,16.34,17.0,17.02,16.3,10573,41668699.0,4.37,3.22,0.53,4.81
2017-10-23,300620,16.89,17.05,17.24,16.89,8535,34190535.0,2.06,0.29,0.05,3.88
2017-10-24,300620,17.06,16.85,17.18,16.62,9483,37389140.0,3.28,-1.17,-0.2,4.31
2017-10-25,300620,16.85,17.42,17.54,16.85,15097,61478424.0,4.09,3.38,0.57,6.86
2017-10-26,300620,17.42,17.72,17.77,17.28,14100,58141988.0,2.81,1.72,0.3,6.41
2017-10-27,300620,17.61,17.49,17.81,17.32,10480,42955782.0,2.77,-1.3,-0.23,4.76
2017-10-30,300620,17.28,16.68,17.4,16.17,12374,48607417.0,7.03,-4.63,-0.81,5.62
2017-10-31,300620,16.7,17.01,17.01,16.55,6831,26973329.0,2.76,1.98,0.33,3.11
2017-11-01,300620,16.98,17.84,18.06,16.93,19326,79614649.0,6.64,4.88,0.83,8.78
2017-11-02,300620,17.88,18.27,18.33,17.51,25964,109471398.0,4.6,2.41,0.43,11.8
2017-11-03,300620,18.03,18.16,18.59,17.75,19305,82039916.0,4.6,-0.6,-0.11,8.77
2017-11-06,300620,18.39,18.54,18.74,18.25,22971,99367134.0,2.7,2.09,0.38,10.44
2017-11-07,300620,18.52,18.67,18.71,18.17,17305,74523276.0,2.91,0.7,0.13,7.87
2017-11-08,300620,18.71,18.47,19.08,18.4,23144,101450251.0,3.64,-1.07,-0.2,10.52
2017-11-09,300620,18.34,18.56,18.6,18.17,14998,64321804.0,2.33,0.49,0.09,6.82
2017-11-10,300620,18.52,20.49,20.49,18.49,29646,136715956.0,10.78,10.4,1.93,13.48
2017-11-13,300620,21.5,21.8,22.11,21.15,71317,357048768.0,4.69,6.39,1.31,32.42
2017-11-14,300620,21.5,22.47,23.08,21.28,65132,335784496.0,8.26,3.07,0.67,29.61
2017-11-15,300620,21.94,21.68,22.57,20.92,46430,234888451.0,7.34,-3.52,-0.79,21.1
2017-11-16,300620,21.49,21.26,22.28,20.68,33174,165087431.0,7.38,-1.94,-0.42,15.08
2017-11-17,300620,20.99,19.06,21.3,19.06,40153,185895629.0,10.54,-10.35,-2.2,18.25
2017-11-20,300620,18.61,19.44,19.66,18.2,29133,129845531.0,7.66,1.99,0.38,13.24
2017-11-21,300620,19.53,19.49,20.01,18.3,31718,142783849.0,8.8,0.26,0.05,14.42
2017-11-22,300620,19.38,19.28,19.74,18.79,25547,114967048.0,4.87,-1.08,-0.21,11.61
2017-11-23,300620,19.1,17.9,19.32,17.9,20103,88169703.0,7.37,-7.16,-1.38,9.14
2017-11-24,300620,17.57,17.77,18.26,17.57,15924,66925981.0,3.85,-0.73,-0.13,7.24
2017-11-27,300620,17.71,16.11,17.71,16.06,19006,74680762.0,9.29,-9.34,-1.66,8.64
2017-11-28,300620,16.32,16.72,16.83,16.3,12959,50307305.0,3.29,3.79,0.61,5.89
2017-11-29,300620,16.83,16.57,16.9,15.94,12125,46891873.0,5.74,-0.9,-0.15,5.51
2017-11-30,300620,16.57,16.62,17.2,16.41,13158,52157112.0,4.77,0.3,0.05,5.98
2017-12-01,300620,16.69,17.06,17.22,16.61,9988,39790633.0,3.67,2.65,0.44,4.54
2017-12-04,300620,16.83,15.88,16.91,15.86,16454,62959872.0,6.15,-6.92,-1.18,7.48
2017-12-05,300620,15.72,15.1,16.02,14.83,13486,48836832.0,7.49,-4.91,-0.78,6.13
2017-12-06,300620,14.98,15.59,15.63,14.94,10978,39531320.0,4.57,3.25,0.49,4.99
2017-12-07,300620,15.46,15.87,16.09,15.37,11481,42782830.0,4.62,1.8,0.28,5.22
2017-12-08,300620,15.9,16.39,16.65,15.76,14579,55998402.0,5.61,3.28,0.52,6.63
2017-12-11,300620,16.34,16.49,16.59,16.3,8515,32848563.0,1.77,0.61,0.1,3.87
2017-12-12,300620,16.48,15.88,16.48,15.86,10091,38286658.0,3.76,-3.7,-0.61,4.59
2017-12-13,300620,15.86,16.43,16.43,15.59,9927,37938030.0,5.29,3.46,0.55,4.51
2017-12-14,300620,16.43,16.67,16.82,16.36,13246,51702517.0,2.8,1.46,0.24,6.02
2017-12-15,300620,16.47,16.59,16.87,16.38,10493,40954697.0,2.94,-0.48,-0.08,4.77
2017-12-18,300620,16.52,16.16,16.61,15.94,8730,33175303.0,4.04,-2.59,-0.43,3.97
2017-12-19,300620,16.16,16.3,16.42,16.0,6738,25767169.0,2.6,0.87,0.14,3.06
2017-12-20,300620,16.17,16.16,16.5,16.12,6077,23263201.0,2.33,-0.86,-0.14,2.76
2017-12-21,300620,16.1,16.87,17.12,15.99,15973,62646714.0,6.99,4.39,0.71,7.26
2017-12-22,300620,16.69,16.71,16.92,16.6,8458,33180667.0,1.9,-0.95,-0.16,3.84
2017-12-25,300620,16.57,17.18,17.69,16.57,20903,84674314.0,6.7,2.81,0.47,9.5
2017-12-26,300620,16.99,17.49,17.67,16.82,20812,84511397.0,4.95,1.8,0.31,9.46
2017-12-27,300620,17.32,17.27,17.49,17.18,13937,56579895.0,1.77,-1.26,-0.22,6.33
2017-12-28,300620,17.19,17.16,17.62,17.06,12184,49488479.0,3.24,-0.64,-0.11,5.54
2017-12-29,300620,17.19,17.17,17.39,17.12,7106,28655880.0,1.57,0.06,0.01,3.23
2018-01-02,300620,17.32,17.02,17.4,16.8,9278,36968701.0,3.49,-0.87,-0.15,4.22
2018-01-03,300620,17.05,17.08,17.26,16.78,10975,43846195.0,2.82,0.35,0.06,4.99
2018-01-04,300620,17.08,16.6,17.08,16.53,10811,42582993.0,3.22,-2.81,-0.48,4.91
2018-01-05,300620,16.5,16.52,16.78,16.45,7870,30648097.0,1.99,-0.48,-0.08,3.58
2018-01-08,300620,16.48,16.03,16.51,15.77,12215,45987597.0,4.48,-2.97,-0.49,5.55
2018-01-09,300620,16.04,16.17,16.23,15.91,7928,29943772.0,2.0,0.87,0.14,3.6
2018-01-10,300620,16.21,15.61,16.21,15.5,9485,35230296.0,4.39,-3.46,-0.56,4.31
2018-01-11,300620,15.62,15.98,16.09,15.54,8318,31194683.0,3.52,2.37,0.37,3.78
2018-01-12,300620,15.98,15.82,16.07,15.77,5928,22210806.0,1.88,-1.0,-0.16,2.69
2018-01-15,300620,15.5,14.54,15.54,14.44,13853,49062043.0,6.95,-8.09,-1.28,6.3
2018-01-16,300620,14.56,14.74,14.96,14.5,7470,26046199.0,3.16,1.38,0.2,3.4
2018-01-17,300620,14.7,15.28,15.36,14.61,10613,37594610.0,5.09,3.66,0.54,4.82
2018-01-18,300620,15.22,15.12,15.38,15.04,4898,17505998.0,2.23,-1.05,-0.16,2.23
2018-01-19,300620,15.0,15.19,15.48,14.98,6332,22838849.0,3.31,0.46,0.07,2.88
2018-01-22,300620,15.01,15.14,15.26,14.67,7261,25618558.0,3.88,-0.33,-0.05,3.3
2018-01-23,300620,15.14,15.14,15.31,15.06,4678,16711347.0,1.65,0.0,0.0,2.13
2018-01-24,300620,15.0,15.41,15.5,14.88,8883,31972574.0,4.1,1.78,0.27,4.04
2018-01-25,300620,15.34,15.24,15.63,15.24,8318,30178074.0,2.53,-1.1,-0.17,3.78
2018-01-26,300620,15.22,14.7,15.37,14.7,10178,35770470.0,4.4,-3.54,-0.54,4.63
2018-01-29,300620,14.68,14.08,14.83,14.03,10415,35223713.0,5.44,-4.22,-0.62,4.73
2018-01-30,300620,14.08,14.21,14.3,14.08,3628,12153405.0,1.56,0.92,0.13,1.65
2018-01-31,300620,14.22,13.54,14.22,13.42,7623,24780208.0,5.63,-4.71,-0.67,3.47
2018-02-01,300620,13.58,13.18,13.77,13.08,5412,17181020.0,5.1,-2.66,-0.36,2.46
2018-02-02,300620,13.17,12.95,13.33,12.62,5200,16165269.0,5.39,-1.75,-0.23,2.36
2018-02-05,300620,12.88,13.0,13.27,12.7,4072,12601033.0,4.4,0.39,0.05,1.85
2018-02-06,300620,12.66,11.77,12.92,11.73,7670,22619895.0,9.15,-9.46,-1.23,3.49
2018-02-07,300620,12.13,12.07,12.34,11.42,7802,22266862.0,7.82,2.55,0.3,3.55
2018-02-08,300620,12.08,12.34,12.46,11.94,5640,16544443.0,4.31,2.24,0.27,2.56
2018-02-09,300620,12.12,11.87,12.29,11.68,6495,18525265.0,4.94,-3.81,-0.47,2.95
2018-02-12,300620,11.99,12.27,12.5,11.99,6206,18085176.0,4.3,3.37,0.4,2.82
2018-02-13,300620,12.3,12.13,12.48,11.94,5758,16850510.0,4.4,-1.14,-0.14,2.62
2018-02-14,300620,12.07,11.94,12.3,11.94,3370,9746680.0,2.97,-1.57,-0.19,1.53
2018-02-22,300620,12.08,12.31,12.39,12.04,5220,15267085.0,2.93,3.1,0.37,2.37
2018-02-23,300620,12.31,12.41,12.47,12.26,4877,14373860.0,1.71,0.81,0.1,2.22
2018-02-26,300620,12.59,13.18,13.18,12.58,10427,32051543.0,4.83,6.2,0.77,4.74
2018-02-27,300620,13.06,13.33,13.5,13.06,10613,33601850.0,3.34,1.14,0.15,4.82
2018-02-28,300620,13.29,13.28,13.5,13.08,7073,22282092.0,3.15,-0.38,-0.05,3.21
2018-03-01,300620,13.19,13.48,13.59,13.14,7653,24348246.0,3.39,1.51,0.2,3.48
2018-03-02,300620,13.35,13.36,13.71,13.25,7288,23279168.0,3.41,-0.89,-0.12,3.31
2018-03-05,300620,13.37,13.86,13.94,13.36,8744,28271515.0,4.34,3.74,0.5,3.97
2018-03-06,300620,13.86,14.13,14.37,13.77,14394,47988084.0,4.33,1.95,0.27,6.54
2018-03-07,300620,14.04,14.63,14.83,13.81,18577,63125627.0,7.22,3.54,0.5,8.44
2018-03-08,300620,15.26,15.15,16.08,14.84,30952,111632239.0,8.48,3.55,0.52,14.07
2018-03-09,300620,14.83,15.33,15.37,14.72,23022,81908905.0,4.29,1.19,0.18,10.46
2018-03-12,300620,15.42,15.18,15.7,15.11,20554,74431980.0,3.85,-0.98,-0.15,9.34
2018-03-13,300620,15.27,15.99,16.78,15.18,47299,180489826.0,10.54,5.34,0.81,21.5
2018-03-14,300620,15.66,15.9,16.64,15.37,35987,133666127.0,7.94,-0.56,-0.09,16.36
2018-03-15,300620,15.6,15.35,15.81,14.86,23777,85980152.0,5.97,-3.46,-0.55,10.81
2018-03-16,300620,15.28,15.71,16.22,15.27,23618,88187016.0,6.19,2.35,0.36,10.74
2018-03-19,300620,15.54,16.02,16.33,15.54,22997,87174104.0,5.03,1.97,0.31,10.45
2018-03-20,300620,15.86,15.84,15.94,15.53,14467,53607556.0,2.56,-1.12,-0.18,6.58
2018-03-21,300620,15.84,15.9,16.43,15.8,21450,81366751.0,3.98,0.38,0.06,9.75
2018-03-22,300620,15.97,16.43,17.23,15.96,28280,109824846.0,7.99,3.33,0.53,12.85
2018-03-23,300620,15.28,15.0,15.83,14.71,25907,93833665.0,6.82,-8.7,-1.43,11.78
2018-03-26,300620,14.74,15.39,15.46,14.08,21802,75451079.0,9.2,2.6,0.39,9.91
2018-03-27,300620,15.5,15.98,16.21,15.5,20169,75368085.0,4.61,3.83,0.59,9.17
2018-03-28,300620,15.86,16.17,16.82,15.64,18983,72483019.0,7.38,1.19,0.19,8.63
2018-03-29,300620,16.19,16.3,16.74,15.8,17352,66389155.0,5.81,0.8,0.13,7.89
2018-03-30,300620,16.5,17.55,17.98,16.3,37484,150944358.0,10.31,7.67,1.25,17.04
2018-04-02,300620,17.46,17.46,17.71,17.06,31072,126625891.0,3.7,-0.51,-0.09,14.12
2018-04-03,300620,16.23,16.82,17.22,16.22,23436,91805253.0,5.73,-3.67,-0.64,10.65
2018-04-04,300620,16.82,16.18,16.97,16.17,19054,74004670.0,4.76,-3.8,-0.64,8.66
2018-04-09,300620,16.15,16.66,16.72,15.59,18516,70799969.0,6.98,2.97,0.48,8.42
2018-04-10,300620,17.18,17.17,18.02,16.69,32044,130271361.0,7.98,3.06,0.51,14.57
2018-04-11,300620,17.28,18.31,18.89,17.26,41679,177388798.0,9.49,6.64,1.14,18.95
2018-04-12,300620,18.02,17.86,18.25,17.58,23419,98221315.0,3.66,-2.46,-0.45,10.65
2018-04-13,300620,18.17,17.68,18.21,17.68,17239,72291058.0,2.97,-1.01,-0.18,7.84
2018-04-16,300620,17.5,17.79,17.79,17.28,12541,51559773.0,2.88,0.62,0.11,5.7
2018-04-17,300620,18.34,16.8,18.61,16.75,22866,94052866.0,10.46,-5.56,-0.99,10.39
2018-04-18,300620,17.14,17.66,17.81,16.31,21055,84296748.0,8.93,5.12,0.86,9.57
2018-04-19,300620,17.67,17.68,18.44,17.59,25489,107039425.0,4.81,0.11,0.02,11.59
2018-04-20,300620,17.45,16.64,17.5,16.39,21785,86529232.0,6.28,-5.88,-1.04,9.9
2018-04-23,300620,16.61,16.45,17.06,15.95,14766,57610423.0,6.67,-1.14,-0.19,6.71
2018-04-24,300620,16.6,17.63,17.93,16.52,23015,93246095.0,8.57,7.17,1.18,10.46
2018-04-25,300620,17.63,18.3,18.59,17.5,29114,124085757.0,6.18,3.8,0.67,13.23
2018-04-26,300620,18.41,17.82,18.51,17.77,26070,110831185.0,4.04,-2.62,-0.48,11.85
2018-04-27,300620,18.3,17.27,18.78,17.1,27009,113923649.0,9.43,-3.09,-0.55,12.28
2018-05-02,300620,17.47,17.51,18.77,17.28,21700,90521307.0,8.63,1.39,0.24,9.86
2018-05-03,300620,17.9,18.73,18.74,17.37,32861,139923214.0,7.82,6.97,1.22,14.94
2018-05-04,300620,18.61,18.17,18.7,18.03,23691,101406019.0,3.58,-2.99,-0.56,10.77
2018-05-07,300620,18.38,18.9,18.9,18.17,23855,103824084.0,4.02,4.02,0.73,10.84
2018-05-08,300620,18.95,18.81,18.95,18.5,16588,72456805.0,2.38,-0.48,-0.09,7.54
2018-05-09,300620,18.97,18.54,19.06,18.34,15887,69087033.0,3.83,-1.44,-0.27,7.22
2018-05-10,300620,18.47,18.36,18.58,17.86,16978,72263170.0,3.88,-0.97,-0.18,7.72
2018-05-11,300620,18.27,17.73,18.28,17.73,11346,47765570.0,3.0,-3.43,-0.63,5.16
2018-05-14,300620,17.73,17.65,18.06,17.59,8707,36332183.0,2.65,-0.45,-0.08,3.96
2018-05-15,300620,17.79,18.24,18.27,17.66,10626,44725477.0,3.46,3.34,0.59,4.83
2018-05-16,300620,18.08,17.19,18.3,17.17,14007,58118796.0,6.2,-5.76,-1.05,6.37
2018-05-17,300620,17.26,17.26,17.46,16.88,11317,45477085.0,3.37,0.41,0.07,5.14
2018-05-18,300620,17.26,17.07,17.27,16.65,10092,40043216.0,3.59,-1.1,-0.19,4.59
2018-05-21,300620,17.26,17.69,17.79,17.2,12601,51981784.0,3.46,3.63,0.62,5.73
2018-05-22,300620,17.68,18.15,18.3,17.37,18253,76573911.0,5.26,2.6,0.46,8.3
2018-05-23,300620,18.08,17.92,18.36,17.9,13348,56610895.0,2.53,-1.27,-0.23,6.07
2018-05-24,300620,17.9,17.92,18.21,17.81,10919,46068643.0,2.23,0.0,0.0,4.96
2018-05-25,300620,17.85,18.0,18.24,17.72,10797,45446660.0,2.9,0.45,0.08,4.91
2018-05-28,300620,18.0,17.22,18.01,17.02,13482,55072460.0,5.5,-4.33,-0.78,6.13
2018-05-29,300620,17.22,17.06,17.4,17.05,7990,32299072.0,2.03,-0.93,-0.16,3.63
2018-05-30,300620,16.88,15.58,16.88,15.49,16567,62334268.0,8.15,-8.68,-1.48,7.53
2018-05-31,300620,15.78,15.61,15.93,15.54,8803,32413049.0,2.5,0.19,0.03,4.0
2018-06-01,300620,15.61,15.67,16.02,15.46,6668,24563012.0,3.59,0.38,0.06,3.03
2018-06-04,300620,15.73,15.76,15.89,15.43,6576,24178399.0,2.94,0.57,0.09,2.99
2018-06-05,300620,15.74,16.38,16.41,15.59,9157,34554711.0,5.2,3.93,0.62,4.16
2018-06-06,300620,16.46,16.66,16.79,16.34,9271,36049484.0,2.75,1.71,0.28,4.21
2018-06-07,300620,16.65,16.64,16.83,16.39,6409,24858862.0,2.64,-0.12,-0.02,2.91
2018-06-08,300620,16.72,16.74,16.83,16.45,7109,27612610.0,2.28,0.6,0.1,3.23
2018-06-11,300620,16.65,16.42,16.79,16.02,6922,26589819.0,4.6,-1.91,-0.32,3.15
2018-06-12,300620,16.48,17.01,17.06,16.27,11776,46099707.0,4.81,3.59,0.59,5.35
2018-06-13,300620,17.06,17.14,17.81,17.0,14950,60489220.0,4.76,0.76,0.13,6.8
2018-06-14,300620,17.16,17.3,17.45,16.78,9814,39272723.0,3.91,0.93,0.16,4.46
2018-06-15,300620,17.28,16.95,17.68,16.8,9411,37743330.0,5.09,-2.02,-0.35,4.28
2018-06-19,300620,16.34,15.19,16.55,15.19,11755,43436229.0,8.02,-10.38,-1.76,5.34
2018-06-20,300620,15.19,15.58,15.85,15.01,9180,33094570.0,5.53,2.57,0.39,4.17
2018-06-21,300620,15.63,15.05,15.82,14.7,9100,32453153.0,7.19,-3.4,-0.53,4.14
2018-06-22,300620,15.01,15.28,15.37,14.53,5658,20087692.0,5.58,1.53,0.23,2.57
2018-06-25,300620,15.34,15.54,15.81,15.34,6637,24264182.0,3.08,1.7,0.26,3.02
2018-06-26,300620,15.33,17.15,17.15,15.33,25904,101966302.0,11.71,10.36,1.61,11.77
2018-06-27,300620,17.56,17.25,17.76,17.1,24887,100828980.0,3.85,0.58,0.1,11.31
2018-06-28,300620,17.18,17.27,17.72,17.18,15217,61777195.0,3.13,0.12,0.02,6.92
2018-06-29,300620,17.46,17.92,18.03,16.86,23735,97175802.0,6.77,3.76,0.65,10.79
2018-07-02,300620,17.68,18.25,18.84,17.68,31133,132801341.0,6.47,1.84,0.33,14.15
2018-07-03,300620,18.24,19.07,19.12,17.84,30067,129877265.0,7.01,4.49,0.82,13.67
2018-07-04,300620,18.9,18.15,18.9,17.54,27609,118498537.0,7.13,-4.82,-0.92,12.55
2018-07-05,300620,18.3,18.05,18.6,17.72,17545,74619576.0,4.85,-0.55,-0.1,7.98
2018-07-06,300620,18.0,17.85,19.36,17.85,30049,129873502.0,8.37,-1.11,-0.2,13.66
2018-07-09,300620,18.06,18.75,18.97,17.82,30067,129093004.0,6.44,5.04,0.9,13.67
2018-07-10,300620,18.79,19.98,20.34,18.53,39337,177976494.0,9.65,6.56,1.23,17.88
2018-07-11,300620,19.39,19.37,19.58,18.81,30307,134966856.0,3.85,-3.05,-0.61,13.78
2018-07-12,300620,19.33,19.74,20.2,19.19,28069,128567566.0,5.21,1.91,0.37,12.76
2018-07-13,300620,20.17,20.86,21.77,19.92,53586,258521367.0,9.37,5.67,1.12,24.36
2018-07-16,300620,20.7,20.66,20.97,20.15,34441,163768088.0,3.93,-0.96,-0.2,15.65
2018-07-17,300620,20.57,20.43,20.64,20.03,20490,96586415.0,2.95,-1.11,-0.23,9.31
2018-07-18,300620,20.46,20.12,20.64,20.12,14981,70604180.0,2.55,-1.52,-0.31,6.81
2018-07-19,300620,20.06,20.09,20.65,19.86,16628,78179865.0,3.93,-0.15,-0.03,7.56
2018-07-20,300620,20.14,19.97,20.14,19.39,16616,76293427.0,3.73,-0.6,-0.12,7.55
2018-07-23,300620,19.88,20.37,20.53,19.6,18479,86476329.0,4.66,2.0,0.4,8.4
2018-07-24,300620,20.41,20.38,20.52,19.91,16529,77736014.0,2.99,0.05,0.01,7.51
2018-07-25,300620,20.26,19.75,20.66,19.74,18803,88228792.0,4.51,-3.09,-0.63,8.55
2018-07-26,300620,19.79,18.54,19.9,18.48,22941,101884423.0,7.19,-6.13,-1.21,10.43
2018-07-27,300620,18.73,18.55,18.87,18.41,13532,58724715.0,2.48,0.05,0.01,6.15
2018-07-30,300620,18.7,18.19,18.86,17.88,12127,51822580.0,5.28,-1.94,-0.36,5.51
2018-07-31,300620,18.19,18.19,18.5,17.9,10147,43051677.0,3.3,0.0,0.0,4.61
2018-08-01,300620,18.23,18.14,18.66,17.94,12275,52411670.0,3.96,-0.27,-0.05,5.58
2018-08-02,300620,17.68,17.48,17.81,16.66,23348,93578675.0,6.34,-3.64,-0.66,10.61
2018-08-03,300620,17.32,16.78,17.46,16.7,9322,37306410.0,4.35,-4.0,-0.7,4.24
2018-08-06,300620,16.83,17.08,17.53,16.76,12714,50824345.0,4.59,1.79,0.3,5.78
2018-08-07,300620,17.28,17.65,17.65,16.95,13664,55484726.0,4.1,3.34,0.57,6.21
2018-08-08,300620,17.49,16.48,17.7,16.48,14736,58800967.0,6.91,-6.63,-1.17,6.7
2018-08-09,300620,16.17,18.19,18.19,16.04,26141,107959934.0,13.05,10.38,1.71,11.88
2018-08-10,300620,17.85,17.98,18.42,17.54,33300,138618980.0,4.84,-1.15,-0.21,15.14
2018-08-13,300620,17.81,18.49,18.58,17.7,25781,109569519.0,4.89,2.84,0.51,11.72
2018-08-14,300620,18.67,18.63,18.82,18.28,21294,92102923.0,2.92,0.76,0.14,9.68
2018-08-15,300620,18.61,18.07,18.78,17.91,16673,71235732.0,4.67,-3.01,-0.56,7.58
2018-08-16,300620,17.63,18.28,18.81,17.63,18206,78039148.0,6.53,1.16,0.21,8.28
2018-08-17,300620,18.55,18.54,19.31,18.41,26859,117545577.0,4.92,1.42,0.26,12.21
2018-08-20,300620,18.75,19.72,19.72,18.56,28776,127837407.0,6.26,6.36,1.18,13.08
2018-08-21,300620,19.72,19.44,19.76,19.19,25703,116083926.0,2.89,-1.42,-0.28,11.68
2018-08-22,300620,19.41,19.07,19.53,18.86,18882,84347708.0,3.45,-1.9,-0.37,8.58
2018-08-23,300620,19.19,19.46,19.64,18.8,24695,110469811.0,4.4,2.05,0.39,11.23
2018-08-24,300620,19.25,18.52,19.25,18.44,22780,99897664.0,4.16,-4.83,-0.94,10.35
2018-08-27,300620,18.57,19.95,20.23,18.53,36551,165720864.0,9.18,7.72,1.43,16.61
2018-08-28,300620,20.03,19.99,20.09,19.71,21293,98408990.0,1.9,0.2,0.04,9.68
2018-08-29,300620,19.89,19.86,20.03,19.68,13170,60604005.0,1.75,-0.65,-0.13,5.99
2018-08-30,300620,19.77,19.33,19.97,19.02,17829,80338368.0,4.78,-2.67,-0.53,8.1
2018-08-31,300620,19.32,19.1,19.62,18.93,14993,67162993.0,3.57,-1.19,-0.23,6.81
2018-09-03,300620,18.99,18.71,19.01,17.9,18707,80152084.0,5.81,-2.04,-0.39,8.5
2018-09-04,300620,18.66,19.24,19.39,18.47,18675,82363940.0,4.92,2.83,0.53,8.49
2018-09-05,300620,18.99,18.42,19.31,18.34,17028,74800143.0,5.04,-4.26,-0.82,7.74
2018-09-06,300620,18.34,19.43,19.43,18.32,24366,108313982.0,6.03,5.48,1.01,11.08
2018-09-07,300620,19.55,18.48,19.58,18.48,23590,104565228.0,5.66,-4.89,-0.95,10.72
2018-09-10,300620,18.41,17.68,18.52,17.45,15822,66234028.0,5.79,-4.33,-0.8,7.19
2018-09-11,300620,17.72,17.83,18.26,17.6,8975,37459063.0,3.73,0.85,0.15,4.08
2018-09-12,300620,17.84,17.74,18.19,17.66,7541,31506417.0,2.97,-0.5,-0.09,3.43
2018-09-13,300620,18.03,18.1,18.17,17.5,11068,46244262.0,3.78,2.03,0.36,5.03
2018-09-14,300620,18.11,17.31,18.21,17.15,12921,53324751.0,5.86,-4.36,-0.79,5.87
2018-09-17,300620,16.93,17.02,17.2,16.52,9241,36423370.0,3.93,-1.68,-0.29,4.2
2018-09-18,300620,16.9,17.62,17.68,16.9,11168,45130361.0,4.58,3.53,0.6,5.08
2018-09-19,300620,17.57,17.7,18.01,17.42,12566,51887429.0,3.35,0.45,0.08,5.71
2018-09-20,300620,17.57,17.42,17.85,17.39,7712,31573170.0,2.6,-1.58,-0.28,3.51
2018-09-21,300620,17.58,17.85,17.98,17.42,10736,44516583.0,3.21,2.47,0.43,4.88
2018-09-25,300620,18.03,18.18,18.54,17.88,14059,59813265.0,3.7,1.85,0.33,6.39
2018-09-26,300620,18.22,18.14,18.36,17.94,10184,42965712.0,2.31,-0.22,-0.04,4.63
2018-09-27,300620,18.03,18.11,18.41,17.89,9885,41868801.0,2.87,-0.17,-0.03,4.49
2018-09-28,300620,17.99,17.94,18.16,17.5,10045,41628511.0,3.64,-0.94,-0.17,4.57
2018-10-08,300620,17.35,16.4,17.59,16.34,14495,57360629.0,6.97,-8.58,-1.54,6.59
2018-10-09,300620,16.48,16.48,16.78,16.19,9253,35666151.0,3.6,0.49,0.08,4.21
2018-10-10,300620,16.43,16.66,16.97,16.28,7678,29809183.0,4.19,1.09,0.18,3.49
2018-10-11,300620,15.78,15.03,16.02,14.93,15912,57161260.0,6.54,-9.78,-1.63,7.23
2018-10-12,300620,14.94,15.24,15.41,14.5,10482,36870172.0,6.05,1.4,0.21,4.76
2018-10-15,300620,15.27,15.22,15.72,15.14,9790,35445817.0,3.81,-0.13,-0.02,4.45
2018-10-16,300620,15.22,15.25,15.62,15.08,8143,29203225.0,3.55,0.2,0.03,3.7
2018-10-17,300620,15.63,14.97,15.72,14.14,13882,48407382.0,10.36,-1.84,-0.28,6.31
2018-10-18,300620,14.74,14.76,15.05,14.3,7889,27277337.0,5.01,-1.4,-0.21,3.59
2018-10-19,300620,14.4,15.36,15.44,14.28,10712,37982350.0,7.86,4.07,0.6,4.87
2018-10-22,300620,15.41,16.22,16.47,15.39,14330,53629904.0,7.03,5.6,0.86,6.51
2018-10-23,300620,16.1,15.99,16.46,15.82,10787,40558353.0,3.95,-1.42,-0.23,4.9
2018-10-24,300620,16.03,16.22,16.45,15.99,10669,40481596.0,2.88,1.44,0.23,4.85
2018-10-25,300620,16.02,16.12,16.18,15.65,10308,38386626.0,3.27,-0.62,-0.1,4.69
2018-10-26,300620,16.19,15.9,16.47,15.75,12171,45819020.0,4.47,-1.36,-0.22,5.53
2018-10-29,300620,15.86,15.85,16.13,15.64,6234,23226955.0,3.08,-0.31,-0.05,2.83
2018-10-30,300620,15.85,15.79,16.01,15.01,11157,40689906.0,6.31,-0.38,-0.06,5.07
2018-10-31,300620,15.87,15.9,16.16,15.74,8530,31912462.0,2.66,0.7,0.11,3.88
2018-11-01,300620,15.92,16.14,16.41,15.92,12402,47033414.0,3.08,1.51,0.24,5.64
2018-11-02,300620,16.36,16.74,16.77,16.26,15533,59899007.0,3.16,3.72,0.6,7.06
2018-11-05,300620,16.74,16.23,16.94,15.79,19877,75943623.0,6.87,-3.05,-0.51,9.03
2018-11-06,300620,16.03,15.8,16.03,15.59,10799,39781025.0,2.71,-2.65,-0.43,4.91
2018-11-07,300620,15.81,15.92,16.21,15.71,10145,37892427.0,3.16,0.76,0.12,4.61
2018-11-08,300620,16.03,15.7,16.08,15.68,6422,23820613.0,2.51,-1.38,-0.22,2.92
2018-11-09,300620,15.59,15.75,15.9,15.46,6818,25041993.0,2.8,0.32,0.05,3.1
2018-11-12,300620,15.76,16.98,17.14,15.68,21656,83915997.0,9.27,7.81,1.23,9.84
2018-11-13,300620,16.78,16.97,17.06,16.61,16671,65636095.0,2.65,-0.06,-0.01,7.58
2018-11-14,300620,16.87,17.09,17.27,16.78,11363,45084122.0,2.89,0.71,0.12,5.16
2018-11-15,300620,17.73,18.21,18.39,17.33,25245,105059632.0,6.2,6.55,1.12,11.48
2018-11-16,300620,18.08,18.36,18.74,18.05,22270,95320059.0,3.79,0.82,0.15,10.12
2018-11-19,300620,18.17,18.48,18.62,18.05,12376,52911918.0,3.1,0.65,0.12,5.63
2018-11-20,300620,18.39,18.3,19.19,18.14,16106,69761564.0,5.68,-0.97,-0.18,7.32
2018-11-21,300620,18.0,18.53,18.84,17.87,13874,59543227.0,5.3,1.26,0.23,6.31
2018-11-22,300620,18.91,18.55,19.05,18.35,12361,53731437.0,3.78,0.11,0.02,5.62
2018-11-23,300620,18.61,18.8,19.28,18.22,22873,100089605.0,5.71,1.35,0.25,10.4
2018-11-26,300620,18.17,17.44,18.17,16.86,24889,101150169.0,6.97,-7.23,-1.36,11.31
2018-11-27,300620,17.48,17.73,17.98,17.48,15120,62451384.0,2.87,1.66,0.29,6.87
2018-11-28,300620,17.85,18.7,18.86,17.81,22429,95871376.0,5.92,5.47,0.97,10.2
2018-11-29,300620,18.69,17.66,18.78,17.66,17668,75140602.0,5.99,-5.56,-1.04,8.03
2018-11-30,300620,17.68,19.26,19.31,17.63,30250,131317738.0,9.51,9.06,1.6,13.75
2018-12-03,300620,19.5,19.41,19.59,19.03,34339,154182982.0,2.91,0.78,0.15,15.61
2018-12-04,300620,19.26,19.22,19.28,18.88,18912,83831795.0,2.06,-0.98,-0.19,8.6
2018-12-05,300620,18.74,19.01,19.43,18.64,18850,83404330.0,4.11,-1.09,-0.21,8.57
2018-12-06,300620,18.85,18.0,18.85,17.82,20648,87582292.0,5.42,-5.31,-1.01,9.39
2018-12-07,300620,18.26,18.21,18.49,17.98,13506,57416804.0,2.83,1.17,0.21,6.14
2018-12-10,300620,18.03,18.22,18.46,17.77,10152,42890528.0,3.79,0.05,0.01,4.61
2018-12-11,300620,18.06,18.75,18.77,18.06,14654,63206391.0,3.9,2.91,0.53,6.66
2018-12-12,300620,18.83,18.43,18.83,18.26,9071,39030602.0,3.04,-1.71,-0.32,4.12
2018-12-13,300620,18.48,18.54,18.68,18.13,13235,56800743.0,2.98,0.6,0.11,6.02
2018-12-14,300620,18.42,17.84,18.44,17.82,11486,48592943.0,3.34,-3.78,-0.7,5.22
2018-12-17,300620,17.59,18.12,18.19,17.28,7811,32562027.0,5.1,1.57,0.28,3.55
2018-12-18,300620,18.07,17.97,18.18,17.76,4779,19996403.0,2.32,-0.83,-0.15,2.17
2018-12-19,300620,17.97,17.54,18.1,17.54,5414,22476240.0,3.12,-2.39,-0.43,2.46
2018-12-20,300620,17.55,18.22,18.36,17.55,9872,41533151.0,4.62,3.88,0.68,4.49
2018-12-21,300620,18.18,18.27,18.52,18.02,10324,43927731.0,2.74,0.27,0.05,4.69
2018-12-24,300620,18.23,18.83,19.06,18.22,13378,58422894.0,4.6,3.07,0.56,6.08
2018-12-25,300620,18.67,19.19,19.34,18.41,19527,86073735.0,4.94,1.91,0.36,8.88
2018-12-26,300620,19.08,18.78,19.45,18.7,14249,62807124.0,3.91,-2.14,-0.41,6.48
2018-12-27,300620,19.24,18.63,19.26,18.54,11714,51701540.0,3.83,-0.8,-0.15,5.32
2018-12-28,300620,18.83,18.94,19.31,18.7,12122,53577239.0,3.27,1.66,0.31,5.51
2019-01-02,300620,18.94,18.08,19.0,17.95,15970,67677526.0,5.54,-4.54,-0.86,7.26
2019-01-03,300620,18.39,18.03,18.46,17.64,12416,52331343.0,4.54,-0.28,-0.05,5.64
2019-01-04,300620,17.94,18.93,18.97,17.64,16571,71637560.0,7.38,4.99,0.9,7.53
2019-01-07,300620,19.1,19.25,19.4,18.92,17885,79681695.0,2.54,1.69,0.32,8.13
2019-01-08,300620,19.26,19.43,19.68,18.99,17869,80452539.0,3.58,0.94,0.18,8.12
2019-01-09,300620,19.49,19.1,19.59,19.09,16817,75610268.0,2.57,-1.7,-0.33,7.64
2019-01-10,300620,19.19,19.65,19.99,19.06,22821,104331020.0,4.87,2.88,0.55,10.37
2019-01-11,300620,19.49,19.31,19.74,18.83,21228,95110875.0,4.63,-1.73,-0.34,9.65
2019-01-14,300620,17.59,17.31,17.65,17.31,10508,42582730.0,1.76,-10.36,-2.0,4.78
2019-01-15,300620,16.62,16.15,16.62,15.69,39502,148453092.0,5.37,-6.7,-1.16,17.96
2019-01-16,300620,16.15,16.19,16.4,16.06,17996,68243564.0,2.11,0.25,0.04,8.18
2019-01-17,300620,16.15,15.93,16.15,15.85,10536,39339426.0,1.85,-1.61,-0.26,4.79
2019-01-18,300620,15.94,16.14,16.23,15.82,10406,39027069.0,2.57,1.32,0.21,4.73
2019-01-21,300620,16.06,16.25,16.34,16.03,9352,35485385.0,1.92,0.68,0.11,4.25
2019-01-22,300620,16.14,16.16,16.26,16.01,8695,32765658.0,1.54,-0.55,-0.09,3.95
2019-01-23,300620,16.03,15.86,16.12,15.78,9245,34425142.0,2.1,-1.86,-0.3,4.2
2019-01-24,300620,15.73,15.99,16.16,15.73,7535,28206731.0,2.71,0.82,0.13,3.43
2019-01-25,300620,16.06,16.02,16.06,15.82,6493,24206821.0,1.5,0.19,0.03,2.95
2019-01-28,300620,16.07,16.17,16.36,15.85,12101,45589043.0,3.18,0.94,0.15,5.5
2019-01-29,300620,16.12,15.76,16.12,15.54,7481,27608428.0,3.59,-2.54,-0.41,3.4
2019-01-30,300620,15.64,15.38,15.84,15.37,5170,18926089.0,2.98,-2.41,-0.38,2.35
2019-01-31,300620,15.46,14.88,15.53,14.61,10150,35803989.0,5.98,-3.25,-0.5,4.61
2019-02-01,300620,14.92,15.39,15.44,14.92,6541,23357916.0,3.49,3.43,0.51,2.97
2019-02-11,300620,15.37,15.92,15.94,15.32,9167,33783598.0,4.03,3.44,0.53,4.17
2019-02-12,300620,15.86,15.98,16.2,15.8,8559,32005113.0,2.51,0.38,0.06,3.89
2019-02-13,300620,15.99,16.23,16.41,15.98,17359,65939032.0,2.69,1.56,0.25,7.89
2019-02-14,300620,16.29,16.58,16.74,16.09,16584,63797041.0,4.0,2.16,0.35,7.54
2019-02-15,300620,16.58,16.37,16.63,16.34,10641,40808762.0,1.75,-1.27,-0.21,4.84
2019-02-18,300620,16.46,16.76,16.85,16.38,13608,52901686.0,2.87,2.38,0.39,6.19
2019-02-19,300620,16.94,16.64,16.94,16.48,13778,53655623.0,2.74,-0.72,-0.12,6.26
2019-02-20,300620,16.59,16.48,16.61,16.19,10486,40119911.0,2.52,-0.96,-0.16,4.77
2019-02-21,300620,16.61,16.54,16.99,16.42,19350,75400055.0,3.46,0.36,0.06,8.8
2019-02-22,300620,16.38,16.82,16.82,16.36,15375,59771988.0,2.78,1.69,0.28,6.99
2019-02-25,300620,17.06,17.69,17.72,16.7,24992,100407136.0,6.06,5.17,0.87,11.36
2019-02-26,300620,17.59,17.43,18.14,17.14,25751,105416443.0,5.65,-1.47,-0.26,11.7
2019-02-27,300620,17.49,17.6,17.98,17.33,20838,85921500.0,3.73,0.98,0.17,9.47
2019-02-28,300620,17.64,17.44,17.71,17.28,12147,49378824.0,2.44,-0.91,-0.16,5.52
2019-03-01,300620,17.46,17.47,17.56,17.05,12144,48838521.0,2.92,0.17,0.03,5.52
2019-03-04,300620,17.56,17.76,18.11,17.51,20944,87178325.0,3.43,1.66,0.29,9.52
2019-03-05,300620,17.63,18.18,18.19,17.54,21176,88625443.0,3.66,2.36,0.42,9.63
2019-03-06,300620,18.48,18.47,18.79,18.06,22925,98444107.0,4.02,1.6,0.29,10.42
2019-03-07,300620,18.49,18.86,18.99,18.13,26055,112874971.0,4.66,2.11,0.39,11.84
2019-03-08,300620,18.5,18.39,19.66,18.13,31170,138060167.0,8.11,-2.49,-0.47,14.17
2019-03-11,300620,18.48,20.29,20.29,18.48,35999,164212045.0,9.84,10.33,1.9,16.36
2019-03-12,300620,20.7,20.14,20.91,19.67,34807,162825933.0,6.11,-0.74,-0.15,15.82
2019-03-13,300620,20.03,19.4,20.48,19.13,26727,123965652.0,6.7,-3.67,-0.74,12.15
2019-03-14,300620,19.41,18.7,19.41,18.43,18640,81580912.0,5.05,-3.61,-0.7,8.47
2019-03-15,300620,18.77,18.74,19.05,18.34,15145,66036212.0,3.8,0.21,0.04,6.88
2019-03-18,300620,18.83,20.24,20.38,18.83,25130,115273994.0,8.27,8.0,1.5,11.42
2019-03-19,300620,20.09,19.91,20.41,19.76,16630,77248282.0,3.21,-1.63,-0.33,7.56
2019-03-20,300620,19.99,20.81,20.83,19.77,26880,126860819.0,5.32,4.52,0.9,12.22
2019-03-21,300620,20.61,20.61,20.83,20.33,18707,89185085.0,2.4,-0.96,-0.2,8.5
2019-03-22,300620,20.46,20.22,20.7,19.86,12296,57560420.0,4.08,-1.89,-0.39,5.59
2019-03-25,300620,19.91,19.94,20.1,19.63,12187,56236121.0,2.32,-1.38,-0.28,5.54
2019-03-26,300620,19.99,18.83,20.11,18.74,14810,66647063.0,6.87,-5.57,-1.11,6.73
2019-03-27,300620,18.94,19.19,19.31,18.84,9426,41848777.0,2.5,1.91,0.36,4.28
2019-03-28,300620,19.07,19.06,19.76,18.77,11367,51132675.0,5.16,-0.68,-0.13,5.17
2019-03-29,300620,19.19,19.84,20.03,18.77,13488,61097515.0,6.61,4.09,0.78,6.13
2019-04-01,300620,20.26,20.3,20.34,19.81,16550,77316535.0,2.67,2.32,0.46,7.52
2019-04-02,300620,20.31,21.92,22.39,20.29,35430,178555916.0,10.34,7.98,1.62,16.1
2019-04-03,300620,21.57,21.61,21.94,21.14,20962,104359844.0,3.65,-1.41,-0.31,9.53
2019-04-04,300620,21.59,21.8,22.39,21.31,19097,96525363.0,5.0,0.88,0.19,8.68
2019-04-08,300620,21.83,20.39,22.17,20.1,28753,138341589.0,9.5,-6.47,-1.41,13.07
2019-04-09,300620,18.3,18.3,18.86,18.29,50439,215820507.0,2.8,-10.25,-2.09,22.93
2019-04-10,300620,18.06,17.9,18.12,17.72,20723,86537037.0,2.19,-2.19,-0.4,9.42
2019-04-11,300620,17.86,17.58,18.07,17.38,16462,67876086.0,3.85,-1.79,-0.32,7.48
2019-04-12,300620,17.58,17.36,17.62,17.22,10870,44062468.0,2.28,-1.25,-0.22,4.94
2019-04-15,300620,17.57,17.37,17.81,17.32,12510,51330686.0,2.82,0.06,0.01,5.69
2019-04-16,300620,17.43,17.73,17.76,17.07,13608,55472259.0,3.97,2.07,0.36,6.19
2019-04-17,300620,17.63,17.67,17.89,17.54,12190,50289727.0,1.97,-0.34,-0.06,5.54
2019-04-18,300620,17.76,17.29,17.77,17.28,10049,40905957.0,2.77,-2.15,-0.38,4.57
2019-04-19,300620,17.24,17.18,17.31,16.84,12415,49382129.0,2.72,-0.64,-0.11,5.64
2019-04-22,300620,17.3,17.05,17.3,16.96,7882,31549915.0,1.98,-0.76,-0.13,3.58
2019-04-23,300620,17.1,16.87,17.18,16.78,6718,26617874.0,2.35,-1.06,-0.18,3.05
2019-04-24,300620,16.87,16.94,17.01,16.65,7382,28984187.0,2.13,0.41,0.07,3.36
2019-04-25,300620,16.94,16.51,17.12,16.49,7718,30337303.0,3.72,-2.54,-0.43,3.51
2019-04-26,300620,16.57,16.43,16.67,16.41,5706,22030653.0,1.57,-0.48,-0.08,2.59
2019-04-29,300620,16.48,15.51,16.52,15.32,10511,38706197.0,7.3,-5.6,-0.92,4.78
2019-04-30,300620,15.56,15.89,15.97,15.51,6742,24948817.0,2.97,2.45,0.38,3.06
2019-05-06,300620,15.6,14.51,15.62,14.42,11591,40684706.0,7.55,-8.68,-1.38,5.27
2019-05-07,300620,14.65,14.97,15.14,14.65,7281,25437157.0,3.38,3.17,0.46,3.31
2019-05-08,300620,14.83,14.94,15.28,14.39,6006,20990341.0,5.95,-0.2,-0.03,2.73
2019-05-09,300620,14.9,14.9,15.22,14.79,5495,19383432.0,2.88,-0.27,-0.04,2.5
2019-05-10,300620,15.09,15.43,15.43,14.7,9508,33926844.0,4.9,3.56,0.53,4.32
2019-05-13,300620,15.41,15.22,15.41,15.08,6279,22442001.0,2.14,-1.36,-0.21,2.85
2019-05-14,300620,14.94,14.92,15.26,14.92,5060,17893172.0,2.23,-1.97,-0.3,2.3
2019-05-15,300620,15.1,15.33,15.36,15.06,5498,19656031.0,2.01,2.75,0.41,2.5
2019-05-16,300620,15.36,15.57,15.6,15.26,6584,23786281.0,2.22,1.57,0.24,2.99
2019-05-17,300620,15.57,15.02,15.63,14.83,7314,26189280.0,5.14,-3.53,-0.55,3.32
2019-05-20,300620,14.93,15.13,15.13,14.74,4036,14161637.0,2.6,0.73,0.11,1.83
2019-05-21,300620,15.07,15.34,15.41,14.97,5035,18003320.0,2.91,1.39,0.21,2.29
2019-05-22,300620,15.34,15.28,15.54,15.22,5215,18790738.0,2.09,-0.39,-0.06,2.37
2019-05-23,300620,15.37,15.04,15.37,14.94,4331,15379867.0,2.81,-1.57,-0.24,1.97
2019-05-24,300620,14.92,14.96,15.05,14.83,4050,14192294.0,1.46,-0.53,-0.08,1.84
2019-05-27,300620,14.99,15.54,15.62,14.93,6721,24234035.0,4.61,3.88,0.58,3.06
2019-05-28,300620,15.54,15.58,15.8,15.48,5917,21670562.0,2.06,0.26,0.04,2.69
2019-05-29,300620,15.54,15.59,15.75,15.46,4670,17013467.0,1.86,0.06,0.01,2.12
2019-05-30,300620,15.56,15.5,15.62,15.32,4414,15878794.0,1.92,-0.58,-0.09,2.01
2019-05-31,300620,15.57,15.75,15.75,15.37,6254,22662265.0,2.45,1.61,0.25,2.84
2019-06-03,300620,15.74,15.68,15.83,15.4,6228,22698763.0,2.73,-0.44,-0.07,2.83
2019-06-04,300620,15.66,15.64,16.11,15.48,8726,32040209.0,4.02,-0.26,-0.04,3.97
2019-06-05,300620,15.69,15.94,15.99,15.64,7528,27717736.0,2.24,1.92,0.3,3.42
2019-06-06,300620,15.94,15.02,15.94,14.84,8150,29089826.0,6.9,-5.77,-0.92,3.7
2019-06-10,300620,15.01,15.18,15.33,14.79,6182,21740683.0,3.6,1.07,0.16,2.81
2019-06-11,300620,15.05,15.71,15.72,15.05,8005,28890937.0,4.41,3.49,0.53,3.64
2019-06-12,300620,15.72,15.72,15.94,15.53,8625,31585897.0,2.61,0.06,0.01,3.92
2019-06-13,300620,15.79,15.54,15.79,15.48,4825,17493953.0,1.97,-1.15,-0.18,2.19
2019-06-14,300620,15.59,15.11,15.67,15.1,5148,18399997.0,3.67,-2.77,-0.43,2.34
2019-06-17,300620,15.01,15.06,15.22,15.0,3466,12180827.0,1.46,-0.33,-0.05,1.58
2019-06-18,300620,15.06,15.08,15.23,15.02,2195,7724692.0,1.39,0.13,0.02,1.0
2019-06-19,300620,15.46,15.28,15.55,15.18,4977,17858614.0,2.45,1.33,0.2,2.26
2019-06-20,300620,15.26,15.39,15.43,15.08,6727,24002713.0,2.29,0.72,0.11,3.06
2019-06-21,300620,15.54,15.69,15.83,15.5,7818,28510239.0,2.14,1.95,0.3,3.55
2019-06-24,300620,15.67,15.72,15.86,15.55,4685,17128704.0,1.98,0.19,0.03,2.13
2019-06-25,300620,15.65,15.44,15.73,15.28,5750,20666162.0,2.86,-1.78,-0.28,2.61
2019-06-26,300620,15.46,15.49,15.66,15.39,4157,15024768.0,1.75,0.32,0.05,1.89
2019-06-27,300620,15.49,15.64,15.67,15.49,5970,21697977.0,1.16,0.97,0.15,2.71
2019-06-28,300620,15.67,15.77,15.99,15.5,9951,36532777.0,3.13,0.83,0.13,4.52
2019-07-01,300620,16.02,16.34,16.38,15.85,15549,58428008.0,3.36,3.61,0.57,7.07
2019-07-02,300620,16.21,16.21,16.31,16.06,9737,36704080.0,1.53,-0.8,-0.13,4.43
2019-07-03,300620,16.21,16.05,16.24,15.95,6020,22441179.0,1.79,-0.99,-0.16,2.74
2019-07-04,300620,16.12,16.07,16.12,15.9,5079,18920919.0,1.37,0.12,0.02,2.31
2019-07-05,300620,16.16,16.08,16.16,15.99,4250,15899987.0,1.06,0.06,0.01,1.93
2019-07-08,300620,16.12,15.19,16.12,15.19,7060,25529112.0,5.78,-5.53,-0.89,3.21
2019-07-09,300620,15.19,15.34,15.45,15.19,3979,14194329.0,1.71,0.99,0.15,1.81
2019-07-10,300620,15.37,15.13,15.51,15.1,3516,12520744.0,2.67,-1.37,-0.21,1.6
2019-07-11,300620,15.26,15.24,15.39,15.14,3641,12971755.0,1.65,0.73,0.11,1.66
2019-07-12,300620,15.18,15.27,15.34,15.17,2988,10626649.0,1.12,0.2,0.03,1.36
2019-07-15,300620,14.92,14.47,14.92,13.94,10733,35996106.0,6.42,-5.24,-0.8,4.88
2019-07-16,300620,14.46,14.56,14.56,14.24,4655,15748872.0,2.21,0.62,0.09,2.12
2019-07-17,300620,14.62,14.4,14.63,14.4,5850,19800966.0,1.58,-1.1,-0.16,2.66
2019-07-18,300620,14.43,13.73,14.43,13.72,6869,22378628.0,4.93,-4.65,-0.67,3.12
2019-07-19,300620,13.94,13.96,14.09,13.83,3216,10480198.0,1.89,1.68,0.23,1.46
2019-07-22,300620,14.09,13.18,14.09,13.18,6023,18824788.0,6.52,-5.59,-0.78,2.74
2019-07-23,300620,13.16,13.27,13.3,13.1,2788,8627631.0,1.52,0.68,0.09,1.27
2019-07-24,300620,13.33,13.61,13.66,13.32,3880,12308756.0,2.56,2.56,0.34,1.76
2019-07-25,300620,13.94,15.03,15.03,13.68,13130,45409461.0,9.92,10.43,1.42,5.97
2019-07-26,300620,15.34,14.62,15.34,14.62,18520,64204021.0,4.79,-2.73,-0.41,8.42
2019-07-29,300620,14.48,14.61,14.78,14.34,7930,26952636.0,3.01,-0.07,-0.01,3.6
2019-07-30,300620,14.57,14.65,14.76,14.52,5921,20250156.0,1.64,0.27,0.04,2.69
2019-07-31,300620,14.57,14.66,14.73,14.48,4271,14579792.0,1.71,0.07,0.01,1.94
2019-08-01,300620,14.48,14.74,14.81,14.44,5077,17424654.0,2.52,0.55,0.08,2.31
2019-08-02,300620,14.35,14.61,14.71,14.35,5638,19129065.0,2.44,-0.88,-0.13,2.56
2019-08-05,300620,14.38,14.29,14.79,14.29,4934,16741056.0,3.42,-2.19,-0.32,2.24
2019-08-06,300620,13.9,13.59,13.9,13.24,9012,28559003.0,4.62,-4.9,-0.7,4.1
2019-08-07,300620,13.82,13.97,14.01,13.7,6917,22424209.0,2.28,2.8,0.38,3.14
2019-08-08,300620,14.03,14.17,14.52,13.97,6291,20957108.0,3.94,1.43,0.2,2.86
2019-08-09,300620,14.21,14.11,14.51,13.94,6886,22939523.0,4.02,-0.42,-0.06,3.13
2019-08-12,300620,14.05,14.1,14.12,13.68,5743,18652497.0,3.12,-0.07,-0.01,2.61
2019-08-13,300620,14.03,13.75,14.18,13.69,4793,15534052.0,3.48,-2.48,-0.35,2.18
2019-08-14,300620,13.98,14.03,14.22,13.84,5071,16661470.0,2.76,2.04,0.28,2.31
2019-08-15,300620,13.68,13.94,13.98,13.58,4727,15264198.0,2.85,-0.64,-0.09,2.15
2019-08-16,300620,13.95,14.22,14.34,13.9,5820,19275941.0,3.16,2.01,0.28,2.65
2019-08-19,300620,14.5,14.61,14.65,14.3,7419,25119916.0,2.46,2.74,0.39,3.37
2019-08-20,300620,14.62,14.57,14.79,14.52,8152,27775474.0,1.85,-0.27,-0.04,3.71
2019-08-21,300620,14.46,14.8,14.9,14.46,7578,26011528.0,3.02,1.58,0.23,3.44
2019-08-22,300620,14.91,14.65,14.91,14.57,4490,15352167.0,2.3,-1.01,-0.15,2.04
2019-08-23,300620,14.78,14.55,14.78,14.41,3894,13231980.0,2.53,-0.68,-0.1,1.77
2019-08-26,300620,14.34,14.3,14.48,14.13,3241,10832064.0,2.41,-1.72,-0.25,1.47
2019-08-27,300620,14.3,14.69,14.74,14.3,5232,17862940.0,3.08,2.73,0.39,2.38
2019-08-28,300620,14.58,14.58,14.85,14.57,3971,13603759.0,1.91,-0.75,-0.11,1.8
2019-08-29,300620,14.57,14.48,14.73,14.43,4369,14846144.0,2.06,-0.69,-0.1,1.99
2019-08-30,300620,14.48,14.0,14.6,13.84,7405,24560585.0,5.25,-3.31,-0.48,3.37
2019-09-02,300620,13.98,14.42,14.46,13.88,6219,20669851.0,4.14,3.0,0.42,2.83
2019-09-03,300620,14.48,14.75,14.76,14.4,8184,28007838.0,2.5,2.29,0.33,3.72
2019-09-04,300620,14.7,15.11,15.23,14.7,12031,42117104.0,3.59,2.44,0.36,5.47
2019-09-05,300620,15.23,15.19,15.53,15.02,13152,46821405.0,3.38,0.53,0.08,5.98
2019-09-06,300620,15.26,15.55,15.97,15.23,16101,58500254.0,4.87,2.37,0.36,7.32
2019-09-09,300620,15.57,16.26,16.32,15.57,18038,67457945.0,4.82,4.57,0.71,7.91
2019-09-10,300620,16.3,16.15,16.65,15.86,16955,63750028.0,4.86,-0.68,-0.11,7.44
2019-09-11,300620,16.21,15.93,16.23,15.86,10699,39906997.0,2.29,-1.36,-0.22,4.69
2019-09-12,300620,16.12,16.11,16.51,15.97,11702,43945811.0,3.39,1.13,0.18,5.13
2019-09-16,300620,16.26,16.86,17.0,16.19,23620,91816129.0,5.03,4.66,0.75,10.36
2019-09-17,300620,16.88,16.12,16.88,15.9,17384,65817525.0,5.81,-4.39,-0.74,7.62
2019-09-18,300620,16.2,16.34,16.88,16.12,14902,57132257.0,4.71,1.36,0.22,6.54
2019-09-19,300620,16.5,16.47,16.56,16.23,7612,28978598.0,2.02,0.8,0.13,3.34
2019-09-20,300620,16.48,16.3,16.78,16.26,8262,31673138.0,3.16,-1.03,-0.17,3.62
2019-09-23,300620,16.22,16.42,16.62,15.91,10940,41430512.0,4.36,0.74,0.12,4.8
2019-09-24,300620,16.44,16.66,16.86,16.29,11362,43920475.0,3.47,1.46,0.24,4.98
2019-09-25,300620,16.43,16.34,16.7,16.18,9437,36014429.0,3.12,-1.92,-0.32,4.14
2019-09-26,300620,16.44,15.83,16.47,15.63,9192,34138080.0,5.14,-3.12,-0.51,4.03
2019-09-27,300620,15.98,16.7,17.0,15.81,17953,69365525.0,7.52,5.5,0.87,7.87
2019-09-30,300620,16.59,16.04,16.74,15.99,12455,46957801.0,4.49,-3.95,-0.66,5.46
2019-10-08,300620,16.18,15.66,16.18,15.54,9063,33327569.0,3.99,-2.37,-0.38,3.98
2019-10-09,300620,15.5,15.79,16.12,15.46,8234,30280136.0,4.21,0.83,0.13,3.61
2019-10-10,300620,15.92,16.82,17.01,15.77,20512,78981542.0,7.85,6.52,1.03,9.0
2019-10-11,300620,17.1,16.66,17.1,16.47,12143,47033052.0,3.75,-0.95,-0.16,5.33
2019-10-14,300620,16.74,16.74,17.05,16.56,11350,44225674.0,2.94,0.48,0.08,4.98
2019-10-15,300620,16.66,16.26,16.91,16.23,10614,40783803.0,4.06,-2.87,-0.48,4.66
2019-10-16,300620,16.2,17.94,17.94,16.19,23251,94501773.0,10.76,10.33,1.68,10.2
2019-10-17,300620,17.9,17.21,17.9,16.74,36193,144475787.0,6.47,-4.07,-0.73,15.87
2019-10-18,300620,16.97,16.33,16.98,16.21,17479,67492622.0,4.47,-5.11,-0.88,7.67
2019-10-21,300620,16.39,15.77,16.39,15.46,12952,47520920.0,5.7,-3.43,-0.56,5.68
2019-10-22,300620,15.64,15.98,16.01,15.64,8815,32569976.0,2.35,1.33,0.21,3.87
2019-10-23,300620,15.9,15.72,16.12,15.67,8330,30841921.0,2.82,-1.63,-0.26,3.65
2019-10-24,300620,15.74,15.94,15.98,15.74,6507,24063621.0,1.53,1.4,0.22,2.85
2019-10-25,300620,16.08,16.09,16.2,15.72,7121,26496154.0,3.01,0.94,0.15,3.12
2019-10-28,300620,16.1,16.66,16.72,15.99,11669,44854665.0,4.54,3.54,0.57,5.12
2019-10-29,300620,16.58,16.7,17.06,16.36,11415,44227988.0,4.2,0.24,0.04,5.01
2019-10-30,300620,16.7,16.36,16.7,16.18,8526,32478971.0,3.11,-2.04,-0.34,3.74
2019-10-31,300620,16.48,16.38,16.77,16.35,8427,32351577.0,2.57,0.12,0.02,3.7
2019-11-01,300620,16.31,16.7,16.75,16.26,9952,38410189.0,2.99,1.95,0.32,4.36
2019-11-04,300620,16.7,16.58,16.86,16.49,8933,34579422.0,2.22,-0.72,-0.12,3.92
2019-11-05,300620,16.58,16.39,16.78,16.35,6842,26234059.0,2.59,-1.15,-0.19,3.0
2019-11-06,300620,16.38,16.61,17.11,16.38,12080,47027090.0,4.45,1.34,0.22,5.3
2019-11-07,300620,16.79,17.1,17.23,16.74,15943,63063014.0,2.95,2.95,0.49,6.99
2019-11-08,300620,17.03,16.83,17.23,16.76,11906,47096142.0,2.75,-1.58,-0.27,5.22
2019-11-11,300620,16.77,16.37,16.77,16.08,10264,39101750.0,4.1,-2.73,-0.46,4.5
2019-11-12,300620,16.5,16.43,16.58,16.16,6576,25000071.0,2.57,0.37,0.06,2.88
2019-11-13,300620,16.43,16.1,16.43,15.9,7580,28536762.0,3.23,-2.01,-0.33,3.32
2019-11-14,300620,16.17,16.57,16.7,16.03,8908,34083934.0,4.16,2.92,0.47,3.91
2019-11-15,300620,16.6,16.64,17.01,16.49,9203,35769045.0,3.14,0.42,0.07,4.04
2019-11-18,300620,16.68,16.82,17.0,16.55,7793,30451671.0,2.7,1.08,0.18,3.42
2019-11-19,300620,16.82,17.02,17.05,16.49,11932,46740484.0,3.33,1.19,0.2,5.23
2019-11-20,300620,16.82,16.63,16.98,16.57,10127,39298437.0,2.41,-2.29,-0.39,4.44
2019-11-21,300620,16.46,16.32,16.55,16.17,7010,26646033.0,2.29,-1.86,-0.31,3.07
2019-11-22,300620,16.34,16.59,16.82,16.18,12710,48818669.0,3.92,1.65,0.27,5.57
2019-11-25,300620,16.58,15.72,16.58,15.03,14288,52111000.0,9.34,-5.24,-0.87,6.27
2019-11-26,300620,15.69,15.53,15.76,15.38,6300,22798271.0,2.42,-1.21,-0.19,2.76
2019-11-27,300620,15.6,15.56,15.7,15.42,4331,15704346.0,1.8,0.19,0.03,1.9
2019-11-28,300620,15.46,15.58,15.76,15.33,4283,15491275.0,2.76,0.13,0.02,1.88
2019-11-29,300620,15.54,15.95,15.97,15.5,11753,43248186.0,3.02,2.37,0.37,5.15
2019-12-02,300620,15.99,15.99,16.08,15.82,5753,21388926.0,1.63,0.25,0.04,2.52
2019-12-03,300620,16.5,16.19,16.5,16.0,10785,40633732.0,3.13,1.25,0.2,4.73
2019-12-04,300620,16.05,15.95,16.15,15.46,8705,32212099.0,4.26,-1.48,-0.24,3.82
2019-12-05,300620,15.9,16.04,16.1,15.87,9354,34858561.0,1.44,0.56,0.09,4.1
2019-12-06,300620,16.26,16.41,16.54,16.15,10495,39935313.0,2.43,2.31,0.37,4.6
2019-12-09,300620,16.44,16.67,16.95,16.44,13129,51181372.0,3.11,1.58,0.26,5.76
2019-12-10,300620,16.69,16.9,17.05,16.61,13668,53512907.0,2.64,1.38,0.23,5.99
2019-12-11,300620,16.92,16.73,16.97,16.58,9059,35226788.0,2.31,-1.01,-0.17,3.97
2019-12-12,300620,16.75,16.82,17.14,16.62,13219,51833961.0,3.11,0.54,0.09,5.8
2019-12-13,300620,16.88,16.98,17.04,16.62,10387,40530389.0,2.5,0.95,0.16,4.56
2019-12-16,300620,16.99,17.37,17.53,16.99,14317,57561376.0,3.18,2.3,0.39,6.28
2019-12-17,300620,17.33,17.5,17.81,17.27,15633,63648562.0,3.11,0.75,0.13,6.86
2019-12-18,300620,17.32,17.44,17.76,17.28,12041,48978309.0,2.74,-0.34,-0.06,5.28
2019-12-19,300620,17.74,17.66,17.9,17.3,12644,51653676.0,3.44,1.26,0.22,5.55
2019-12-20,300620,17.54,17.23,17.66,17.23,11358,45979706.0,2.43,-2.43,-0.43,4.98
2019-12-23,300620,17.06,17.62,17.89,16.79,21682,87532902.0,6.38,2.26,0.39,9.51
2019-12-24,300620,17.46,18.26,18.45,17.32,30518,128307390.0,6.41,3.63,0.64,13.39
2019-12-25,300620,18.14,18.2,18.32,17.82,16612,69457234.0,2.74,-0.33,-0.06,7.29
2019-12-26,300620,18.05,17.68,18.57,17.63,17850,73989590.0,5.16,-2.86,-0.52,7.83
2019-12-27,300620,17.81,17.16,17.86,17.12,16116,65448670.0,4.19,-2.94,-0.52,7.07
2019-12-30,300620,17.03,17.06,17.17,16.63,11257,44219082.0,3.15,-0.58,-0.1,4.94
2019-12-31,300620,17.16,16.98,17.16,16.73,8447,33139560.0,2.52,-0.47,-0.08,3.7
2020-01-02,300620,17.14,17.37,17.45,16.86,10571,42371173.0,3.47,2.3,0.39,4.64
2020-01-03,300620,17.37,17.31,17.63,17.2,9177,37063117.0,2.48,-0.35,-0.06,4.02
2020-01-06,300620,17.18,17.57,17.67,16.91,10761,43460250.0,4.39,1.5,0.26,4.72
2020-01-07,300620,17.46,17.69,17.69,17.37,10314,41972340.0,1.82,0.68,0.12,4.52
2020-01-08,300620,17.62,17.28,18.12,17.24,14517,59604207.0,4.97,-2.32,-0.41,6.37
2020-01-09,300620,17.52,18.12,18.3,17.43,20409,85061720.0,5.03,4.86,0.84,8.95
2020-01-10,300620,18.2,18.25,18.55,17.91,20322,85823692.0,3.53,0.72,0.13,8.91
2020-01-13,300620,18.38,18.4,18.45,17.9,12833,54153238.0,3.01,0.82,0.15,5.63
2020-01-14,300620,18.32,18.1,18.48,18.06,11177,46974512.0,2.28,-1.63,-0.3,4.9
2020-01-15,300620,18.03,17.93,18.11,17.68,8984,37191308.0,2.38,-0.94,-0.17,3.94
2020-01-16,300620,17.81,18.52,18.96,17.76,19893,85570292.0,6.69,3.29,0.59,8.73
2020-01-17,300620,18.42,18.19,18.61,18.14,11872,50498231.0,2.54,-1.78,-0.33,5.21
2020-01-20,300620,18.13,18.62,18.66,17.92,12996,55360366.0,4.07,2.36,0.43,5.7
2020-01-21,300620,18.76,18.24,18.76,18.12,10308,43792698.0,3.44,-2.04,-0.38,4.52
2020-01-22,300620,17.89,18.46,18.7,17.46,13854,58036088.0,6.8,1.21,0.22,6.08
2020-01-23,300620,18.05,17.22,18.08,16.86,16613,67561541.0,6.61,-6.72,-1.24,7.29
2020-02-03,300620,15.45,15.45,15.45,15.45,2051,7379498.0,0.0,-10.28,-1.77,0.9
2020-02-04,300620,13.99,14.86,15.28,13.99,17045,59259076.0,8.35,-3.82,-0.59,7.48
2020-02-05,300620,14.88,15.65,15.82,14.88,17139,61773014.0,6.33,5.32,0.79,7.52
2020-02-06,300620,15.54,15.9,16.1,15.5,10518,38919706.0,3.83,1.6,0.25,4.61
2020-02-07,300620,15.8,16.1,16.18,15.77,11902,44175859.0,2.58,1.26,0.2,5.22
2020-02-10,300620,16.14,16.12,16.34,15.89,11396,42568727.0,2.8,0.12,0.02,5.0
2020-02-11,300620,16.03,16.09,16.39,15.92,8880,33306965.0,2.92,-0.19,-0.03,3.89
2020-02-12,300620,16.1,16.23,16.31,15.92,11320,42562559.0,2.42,0.87,0.14,4.96
2020-02-13,300620,16.16,16.07,16.41,16.03,9097,34186624.0,2.34,-0.99,-0.16,3.99
2020-02-14,300620,16.03,16.17,16.52,16.03,10717,40475219.0,3.05,0.62,0.1,4.7
2020-02-17,300620,16.17,16.89,16.96,16.17,13624,52794881.0,4.89,4.45,0.72,5.98
2020-02-18,300620,16.9,17.42,17.42,16.83,15861,63200378.0,3.49,3.14,0.53,6.96
2020-02-19,300620,17.37,17.71,18.06,17.17,17626,72449106.0,5.11,1.66,0.29,7.73
2020-02-20,300620,17.88,18.01,18.22,17.49,13482,55960018.0,4.12,1.69,0.3,5.91
2020-02-21,300620,18.34,18.79,19.67,18.34,27478,120165915.0,7.38,4.33,0.78,12.05
2020-02-24,300620,18.79,19.69,20.07,18.62,29745,133395268.0,7.72,4.79,0.9,13.05
2020-02-25,300620,19.3,19.92,20.39,18.48,32144,145360625.0,9.7,1.17,0.23,14.1
2020-02-26,300620,19.45,19.28,19.93,18.76,22998,103221758.0,5.87,-3.21,-0.64,10.09
2020-02-27,300620,19.5,19.28,20.74,19.17,25787,117661713.0,8.14,0.0,0.0,11.31
2020-02-28,300620,17.3,17.3,17.63,17.3,25499,102468900.0,1.71,-10.27,-1.98,11.18
2020-03-02,300620,17.18,17.39,17.59,16.18,30612,120632215.0,8.15,0.52,0.09,13.43
2020-03-03,300620,17.71,17.14,18.33,16.88,30702,126215330.0,8.34,-1.44,-0.25,13.47
2020-03-04,300620,17.01,17.5,17.67,16.83,18223,73357772.0,4.9,2.1,0.36,7.99
2020-03-05,300620,17.97,17.65,18.3,17.46,17449,72009676.0,4.8,0.86,0.15,7.65
2020-03-06,300620,17.32,17.41,17.87,17.3,12951,52838956.0,3.23,-1.36,-0.24,5.68
2020-03-09,300620,16.99,16.66,17.76,16.59,16847,67057540.0,6.72,-4.31,-0.75,7.39
2020-03-10,300620,16.43,17.54,17.58,16.41,17281,68278050.0,7.02,5.28,0.88,7.58
2020-03-11,300620,17.68,17.33,18.02,17.25,20429,83604494.0,4.39,-1.2,-0.21,8.96
2020-03-12,300620,16.92,17.19,17.34,16.86,15451,61212747.0,2.77,-0.81,-0.14,3.68
2020-03-13,300620,16.34,16.75,17.01,16.15,23852,91891537.0,5.0,-2.56,-0.44,5.68
2020-03-16,300620,16.91,15.15,16.91,15.02,22681,83825990.0,11.28,-9.55,-1.6,5.4
2020-03-17,300620,15.37,15.18,15.45,14.55,15734,55242822.0,5.94,0.2,0.03,3.75
2020-03-18,300620,15.28,14.9,15.72,14.9,13952,50271524.0,5.4,-1.84,-0.28,3.32
2020-03-19,300620,15.03,15.64,15.66,15.01,11820,42236849.0,4.36,4.97,0.74,2.82
2020-03-20,300620,17.26,17.26,17.26,17.26,9132,36582792.0,0.0,10.36,1.62,2.18
2020-03-23,300620,17.19,16.42,18.06,16.07,47698,192260496.0,11.53,-4.87,-0.84,11.36
2020-03-24,300620,16.68,17.8,17.94,16.48,43764,176075982.0,8.89,8.4,1.38,10.43
2020-03-25,300620,17.31,17.48,17.78,17.05,38264,154278919.0,4.1,-1.8,-0.32,4.31
2020-03-26,300620,17.24,16.51,17.28,16.24,25177,97387715.0,5.95,-5.55,-0.97,2.84
2020-03-27,300620,16.34,15.72,16.7,15.68,18115,67996647.0,6.18,-4.78,-0.79,2.04
2020-03-30,300620,15.43,14.7,15.43,14.7,18593,64759924.0,4.64,-6.49,-1.02,2.09
2020-03-31,300620,14.94,14.76,14.98,14.64,8936,30885493.0,2.31,0.41,0.06,1.0
2020-04-01,300620,14.66,14.77,14.96,14.59,7357,25420003.0,2.51,0.07,0.01,0.83
2020-04-02,300620,14.7,15.19,15.23,14.7,9806,34246271.0,3.59,2.84,0.42,1.1
2020-04-03,300620,15.18,14.88,15.23,14.79,8735,30543518.0,2.9,-2.04,-0.31,0.98
2020-04-07,300620,15.16,15.24,15.34,15.16,9684,34383279.0,1.21,2.42,0.36,1.09
2020-04-08,300620,15.23,15.3,15.44,15.06,8554,30522221.0,2.49,0.39,0.06,0.96
2020-04-09,300620,15.36,15.62,15.67,15.36,9867,35693255.0,2.03,2.09,0.32,1.11
2020-04-10,300620,15.59,15.19,15.6,14.74,10706,38181526.0,5.51,-2.75,-0.43,1.2
2020-04-13,300620,15.18,14.6,15.18,14.54,7876,26957069.0,4.21,-3.88,-0.59,0.89
2020-04-14,300620,14.66,14.93,14.94,14.66,5726,19797962.0,1.92,2.26,0.33,0.64
2020-04-15,300620,15.0,15.14,15.21,14.83,7537,26388877.0,2.55,1.41,0.21,0.85
2020-04-16,300620,15.1,15.23,15.26,14.94,6846,23996654.0,2.11,0.59,0.09,0.77
2020-04-17,300620,15.32,15.2,15.52,15.19,8064,28695919.0,2.17,-0.2,-0.03,0.91
2020-04-20,300620,15.18,15.33,15.36,15.14,6414,22686519.0,1.45,0.86,0.13,0.72
2020-04-21,300620,15.33,15.09,15.33,14.88,7299,25444613.0,2.94,-1.57,-0.24,0.82
2020-04-22,300620,14.87,15.2,15.25,14.81,6091,21356579.0,2.92,0.73,0.11,0.68
2020-04-23,300620,15.12,14.97,15.27,14.95,6007,20957665.0,2.11,-1.51,-0.23,0.68
2020-04-24,300620,15.0,14.61,15.0,14.57,8190,27999754.0,2.87,-2.4,-0.36,0.92
2020-04-27,300620,14.62,14.6,14.77,14.44,3824,12970687.0,2.26,-0.07,-0.01,0.43
2020-04-28,300620,14.61,14.43,14.83,13.79,7431,24736137.0,7.12,-1.16,-0.17,0.84
2020-04-29,300620,14.35,14.43,14.61,14.23,5087,17080501.0,2.63,0.0,0.0,0.57
2020-04-30,300620,14.46,15.03,15.06,14.46,9453,32591004.0,4.16,4.16,0.6,1.06
2020-05-06,300620,14.83,15.31,15.32,14.7,9934,34893396.0,4.13,1.86,0.28,1.12
2020-05-07,300620,15.36,15.26,15.63,15.1,10114,35979805.0,3.46,-0.33,-0.05,1.14
2020-05-08,300620,15.35,15.68,15.84,15.35,13379,48387582.0,3.21,2.75,0.42,1.5
2020-05-11,300620,15.73,16.5,16.97,15.73,20745,78248290.0,7.91,5.23,0.82,2.33
2020-05-12,300620,16.66,16.51,16.79,16.29,14686,56019918.0,3.03,0.06,0.01,1.65
2020-05-13,300620,16.52,16.82,16.96,16.45,17672,68359916.0,3.09,1.88,0.31,1.99
2020-05-14,300620,16.66,17.04,17.23,16.66,16556,65019863.0,3.39,1.31,0.22,1.86
2020-05-15,300620,17.06,17.98,18.21,17.06,44183,180823110.0,6.75,5.52,0.94,4.97
2020-05-18,300620,17.83,17.37,18.48,17.27,29928,123410351.0,6.73,-3.39,-0.61,3.36
2020-05-19,300620,17.6,17.76,17.76,17.06,26127,104596689.0,4.03,2.25,0.39,2.94
2020-05-20,300620,17.99,16.82,18.1,16.75,25804,102804834.0,7.6,-5.29,-0.94,2.9
2020-05-21,300620,16.82,18.55,18.55,16.67,55580,234140972.0,11.18,10.29,1.73,6.25
2020-05-22,300620,18.57,18.65,19.37,18.22,62008,267212208.0,6.2,0.54,0.1,6.97
2020-05-25,300620,18.92,18.39,18.92,17.87,28944,123057072.0,5.63,-1.39,-0.26,3.25
2020-05-26,300620,18.34,18.28,18.51,17.99,20446,85710601.0,2.83,-0.6,-0.11,2.3
2020-05-27,300620,18.28,17.54,18.33,17.32,29291,119100419.0,5.53,-4.05,-0.74,3.29
2020-05-28,300620,17.5,17.08,17.54,16.69,19805,77979001.0,4.85,-2.62,-0.46,2.23
2020-05-29,300620,16.88,16.86,17.18,16.76,16006,62674580.0,2.46,-1.29,-0.22,1.8
2020-06-01,300620,17.05,17.56,17.72,17.02,22461,90229786.0,4.15,4.15,0.7,2.52
2020-06-02,300620,17.54,17.48,17.93,17.38,16906,68472530.0,3.13,-0.46,-0.08,1.9
2020-06-03,300620,17.54,17.54,18.1,17.1,28168,114163689.0,5.72,0.34,0.06,3.17
2020-06-04,300620,17.68,17.24,17.69,17.14,14050,56207882.0,3.14,-1.71,-0.3,1.58
2020-06-05,300620,17.24,17.37,17.46,17.03,10555,42064527.0,2.49,0.75,0.13,1.19
2020-06-08,300620,17.54,17.99,17.99,17.54,19331,79409328.0,2.59,3.57,0.62,2.17
2020-06-09,300620,17.9,17.59,17.94,17.5,13195,53892299.0,2.45,-2.22,-0.4,1.48
2020-06-10,300620,17.63,17.75,17.89,17.52,9149,37279864.0,2.1,0.91,0.16,1.03
2020-06-11,300620,17.76,17.81,18.13,17.64,18036,74385469.0,2.76,0.34,0.06,2.03
2020-06-12,300620,17.19,17.92,17.98,17.19,16671,67841653.0,4.44,0.62,0.11,1.87
2020-06-15,300620,17.79,17.72,18.16,17.72,15877,65874024.0,2.46,-1.12,-0.2,1.78
2020-06-16,300620,17.94,18.39,18.76,17.86,22145,93902170.0,5.08,3.78,0.67,2.49
2020-06-17,300620,18.52,18.41,18.52,18.09,13917,58772863.0,2.34,0.11,0.02,1.56
2020-06-18,300620,18.43,18.26,18.51,18.07,11364,47861086.0,2.39,-0.81,-0.15,1.28
2020-06-19,300620,18.38,18.34,18.49,18.17,13056,55280113.0,1.75,0.44,0.08,1.47
2020-06-22,300620,18.21,18.26,18.74,18.16,19047,80759358.0,3.16,-0.44,-0.08,2.14
2020-06-23,300620,18.13,18.46,18.54,17.79,16374,68570001.0,4.11,1.1,0.2,1.84
2020-06-24,300620,18.43,18.84,19.41,18.36,24714,108109495.0,5.69,2.06,0.38,2.78
2020-06-29,300620,19.02,18.38,19.14,18.3,15979,68662377.0,4.46,-2.44,-0.46,1.8
2020-06-30,300620,18.51,20.26,20.26,18.48,24195,110501277.0,9.68,10.23,1.88,2.72
2020-07-01,300620,20.92,22.34,22.34,20.49,39718,197249680.0,9.13,10.27,2.08,4.46
2020-07-02,300620,23.54,24.62,24.62,22.9,37675,208154910.0,7.7,10.21,2.28,4.23
2020-07-03,300620,25.77,25.03,26.19,23.53,67698,384252544.0,10.8,1.67,0.41,7.61
2020-07-06,300620,24.44,26.33,27.58,24.43,60749,361952992.0,12.58,5.19,1.3,6.83
2020-07-07,300620,25.79,25.6,26.66,25.41,59973,356355536.0,4.75,-2.77,-0.73,6.74
2020-07-08,300620,25.4,25.83,26.15,24.62,44973,262819484.0,5.98,0.9,0.23,5.06
2020-07-09,300620,26.0,26.41,26.75,25.54,53133,319122544.0,4.68,2.25,0.58,5.97
2020-07-10,300620,25.77,25.29,26.34,25.19,51952,305130256.0,4.35,-4.24,-1.12,5.84
2020-07-13,300620,25.68,27.86,27.86,25.68,44505,279753168.0,8.62,10.16,2.57,5.0
2020-07-14,300620,27.99,26.22,28.88,25.51,72369,450445104.0,12.1,-5.89,-1.64,8.13
2020-07-15,300620,26.66,24.4,26.85,24.26,43325,253246540.0,9.88,-6.94,-1.82,4.87
2020-07-16,300620,24.22,22.34,24.54,22.21,40735,219450551.0,9.55,-8.44,-2.06,4.58
2020-07-17,300620,22.43,21.81,22.77,21.68,29482,150365850.0,4.88,-2.37,-0.53,3.31
2020-07-20,300620,22.27,22.32,22.43,21.32,25429,128909709.0,5.09,2.34,0.51,2.86
2020-07-21,300620,22.43,22.36,22.68,21.89,23384,119853841.0,3.54,0.18,0.04,2.63
2020-07-22,300620,22.37,22.83,23.2,22.01,23446,122479144.0,5.32,2.1,0.47,2.64
2020-07-23,300620,22.39,22.9,23.2,21.9,23870,123524537.0,5.69,0.31,0.07,2.68
2020-07-24,300620,22.54,21.92,23.14,21.66,23971,122839187.0,6.46,-4.28,-0.98,2.69
2020-07-27,300620,21.91,22.18,22.25,21.33,12942,65262571.0,4.2,1.19,0.26,1.45
2020-07-28,300620,22.22,22.07,23.09,21.81,19436,99763437.0,5.77,-0.5,-0.11,2.18
2020-07-29,300620,22.07,23.09,23.86,21.82,25624,135377042.0,9.24,4.62,1.02,2.88
2020-07-30,300620,22.97,22.89,23.28,22.69,17048,89749120.0,2.56,-0.87,-0.2,1.92
2020-07-31,300620,22.9,22.89,23.68,22.66,18171,96248340.0,4.46,0.0,0.0,2.04
2020-08-03,300620,22.96,23.99,24.38,22.96,22908,124937701.0,6.2,4.81,1.1,2.58
2020-08-04,300620,24.61,22.97,24.61,22.81,29873,159270539.0,7.5,-4.25,-1.02,3.36
2020-08-05,300620,23.25,23.37,23.63,23.0,21830,116771199.0,2.74,1.74,0.4,2.45
2020-08-06,300620,23.71,22.97,23.71,22.66,15593,82231580.0,4.49,-1.71,-0.4,1.75
2020-08-07,300620,22.87,22.12,22.9,21.7,17961,91576558.0,5.22,-3.7,-0.85,2.02
2020-08-10,300620,22.11,22.29,22.62,21.91,10429,53462495.0,3.21,0.77,0.17,1.17
2020-08-11,300620,22.26,22.22,22.66,22.1,10658,54705995.0,2.51,-0.31,-0.07,1.2
2020-08-12,300620,22.1,21.58,22.3,21.1,13147,64882735.0,5.4,-2.88,-0.64,1.48
2020-08-13,300620,21.68,21.61,21.98,21.46,7140,35542185.0,2.41,0.14,0.03,0.8
2020-08-14,300620,21.6,22.09,22.34,21.45,11336,57123374.0,4.12,2.22,0.48,1.27
2020-08-17,300620,20.02,21.83,21.98,20.02,19041,94078402.0,8.87,-1.18,-0.26,2.14
2020-08-18,300620,21.83,21.91,22.54,21.7,13588,68567987.0,3.85,0.37,0.08,1.53
2020-08-19,300620,21.84,21.38,22.0,21.36,9093,45036254.0,2.92,-2.42,-0.53,1.02
2020-08-20,300620,21.19,20.7,21.23,20.66,8641,41501001.0,2.67,-3.18,-0.68,0.97
2020-08-21,300620,20.79,20.52,21.32,20.39,9521,45339254.0,4.49,-0.87,-0.18,1.07
2020-08-24,300620,20.88,21.31,21.68,20.3,15364,74794756.0,6.73,3.85,0.79,1.73
2020-08-25,300620,21.44,21.7,22.1,21.19,17598,87477198.0,4.27,1.83,0.39,1.98
2020-08-26,300620,21.32,20.62,21.53,20.54,13118,63357032.0,4.56,-4.98,-1.08,1.47
2020-08-27,300620,20.63,20.93,21.09,20.56,8399,40252626.0,2.57,1.5,0.31,0.94
2020-08-28,300620,20.88,21.14,21.33,20.72,8835,42838786.0,2.91,1.0,0.21,0.99
2020-08-31,300620,21.14,21.37,21.78,21.14,12011,59440720.0,3.03,1.09,0.23,1.35
2020-09-01,300620,21.2,21.53,21.54,21.03,7945,38963370.0,2.39,0.75,0.16,0.89
2020-09-02,300620,21.78,21.85,21.99,21.41,12310,61618981.0,2.69,1.49,0.32,1.38
2020-09-03,300620,21.83,21.77,22.02,21.58,11589,58030827.0,2.01,-0.37,-0.08,1.3
2020-09-04,300620,21.68,22.31,22.55,21.37,14520,73476801.0,5.42,2.48,0.54,1.63
2020-09-07,300620,22.38,21.5,22.43,21.41,17306,86955123.0,4.57,-3.63,-0.81,1.95
2020-09-08,300620,21.66,21.45,22.18,21.33,11526,57470465.0,3.95,-0.23,-0.05,1.29
2020-09-09,300620,21.02,20.55,21.19,20.13,15964,75619765.0,4.94,-4.2,-0.9,1.78
2020-09-10,300620,20.55,20.34,20.94,20.13,12522,59099896.0,3.94,-1.02,-0.21,1.4
2020-09-11,300620,20.12,20.42,20.5,19.9,6545,30608897.0,2.95,0.39,0.08,0.73
2020-09-14,300620,20.43,21.97,22.2,20.3,18685,92524227.0,9.3,7.59,1.55,2.09
2020-09-15,300620,22.03,22.03,22.43,21.82,14807,75281016.0,2.78,0.27,0.06,1.65
2020-09-16,300620,21.77,21.81,22.21,21.54,7975,39924676.0,3.04,-1.0,-0.22,0.89
2020-09-17,300620,21.82,22.09,22.24,21.63,13099,66058276.0,2.8,1.28,0.28,1.46
2020-09-18,300620,22.0,21.97,22.28,21.55,10552,53011136.0,3.3,-0.54,-0.12,1.18
2020-09-21,300620,22.21,21.98,22.52,21.86,13549,68971449.0,3.0,0.05,0.01,1.51
2020-09-22,300620,21.81,21.48,22.01,21.47,7889,39326428.0,2.46,-2.27,-0.5,0.88
2020-09-23,300620,21.54,21.37,21.76,21.14,8127,39955590.0,2.89,-0.51,-0.11,0.91
2020-09-24,300620,21.3,20.31,21.52,20.3,11639,55458736.0,5.71,-4.96,-1.06,1.3
2020-09-25,300620,20.31,19.54,20.43,19.41,12019,54689221.0,5.02,-3.79,-0.77,1.34
2020-09-28,300620,19.54,18.8,19.55,18.63,11209,48857167.0,4.71,-3.79,-0.74,1.25
2020-09-29,300620,18.91,19.05,19.18,18.68,7488,32759255.0,2.66,1.33,0.25,0.84
2020-09-30,300620,19.03,19.07,19.31,18.86,7466,32862910.0,2.36,0.1,0.02,0.83
2020-10-09,300620,19.54,20.25,20.34,19.37,12335,56744802.0,5.09,6.19,1.18,1.38
2020-10-12,300620,19.94,20.47,20.63,19.86,12642,59159558.0,3.8,1.09,0.22,1.41
2020-10-13,300620,20.53,20.47,20.65,20.3,11411,53698724.0,1.71,0.0,0.0,1.27
2020-10-14,300620,20.47,19.97,20.48,19.94,9674,44744740.0,2.64,-2.44,-0.5,1.08
2020-10-15,300620,19.97,19.77,20.19,19.73,5962,27350198.0,2.3,-1.0,-0.2,0.67
2020-10-16,300620,19.79,21.0,21.46,19.48,23342,110756150.0,10.02,6.22,1.23,2.61
2020-10-19,300620,23.54,25.29,25.29,23.46,100751,577338288.0,8.71,20.43,4.29,11.25
2020-10-20,300620,24.01,24.48,25.99,23.56,89022,500935712.0,9.61,-3.2,-0.81,9.94
2020-10-21,300620,24.0,27.11,29.38,22.45,97202,536711296.0,28.31,10.74,2.63,10.85
2020-10-22,300620,24.86,24.87,26.21,24.55,74250,430527136.0,6.12,-8.26,-2.24,8.29
2020-10-23,300620,23.62,23.49,24.73,23.11,57988,317490624.0,6.51,-5.55,-1.38,6.47
2020-10-26,300620,23.1,23.29,23.63,22.67,32215,170698987.0,4.09,-0.85,-0.2,3.6
2020-10-27,300620,23.01,24.16,24.17,22.97,43597,237155091.0,5.15,3.74,0.87,4.87
2020-10-28,300620,24.17,22.92,24.17,22.39,40493,214932528.0,7.37,-5.13,-1.24,4.52
2020-10-29,300620,22.22,22.49,23.45,22.21,30283,158989990.0,5.41,-1.88,-0.43,3.38
2020-10-30,300620,22.57,21.78,23.02,21.78,27471,141521569.0,5.51,-3.16,-0.71,3.07
2020-11-02,300620,21.89,21.83,22.1,21.37,19189,95692165.0,3.35,0.23,0.05,2.14
2020-11-03,300620,21.9,22.39,22.6,21.83,20309,103783577.0,3.53,2.57,0.56,2.27
2020-11-04,300620,22.59,21.88,22.61,21.82,18284,92678958.0,3.53,-2.28,-0.51,2.04
2020-11-05,300620,22.2,23.48,23.5,22.04,38154,200547882.0,6.67,7.31,1.6,4.26
2020-11-06,300620,23.36,22.95,23.48,22.76,23580,124643102.0,3.07,-2.26,-0.53,2.63
2020-11-09,300620,23.12,23.89,24.16,23.1,41475,225895614.0,4.62,4.1,0.94,4.63
2020-11-10,300620,23.82,22.61,23.82,22.13,34745,182647588.0,7.07,-5.36,-1.28,3.88
2020-11-11,300620,22.54,21.05,22.77,21.0,26646,132944325.0,7.83,-6.9,-1.56,2.98
2020-11-12,300620,21.0,20.57,21.52,20.38,18454,87928742.0,5.42,-2.28,-0.48,2.06
2020-11-13,300620,20.63,20.75,20.94,20.14,11113,52865053.0,3.89,0.88,0.18,1.24
2020-11-16,300620,20.62,20.37,20.95,20.01,11562,54063864.0,4.53,-1.83,-0.38,1.29
2020-11-17,300620,20.43,19.96,20.43,19.64,12662,58154250.0,3.88,-2.01,-0.41,1.41
2020-11-18,300620,20.0,20.11,20.3,19.82,8759,40515320.0,2.4,0.75,0.15,0.98
2020-11-19,300620,20.07,20.46,20.66,19.77,10809,50596770.0,4.43,1.74,0.35,1.21
2020-11-20,300620,20.52,20.78,20.84,20.3,11567,54758738.0,2.64,1.56,0.32,1.29
2020-11-23,300620,20.77,20.14,20.78,20.02,11345,52820779.0,3.66,-3.08,-0.64,1.27
2020-11-24,300620,20.12,20.18,20.53,20.04,8382,39112974.0,2.43,0.2,0.04,0.94
2020-11-25,300620,20.38,20.01,20.39,19.72,9974,46091916.0,3.32,-0.84,-0.17,1.11
2020-11-26,300620,20.06,20.04,20.38,19.85,9041,41831020.0,2.65,0.15,0.03,1.01
2020-11-27,300620,20.04,19.48,20.21,19.39,9670,43859410.0,4.09,-2.79,-0.56,1.08
2020-11-30,300620,19.42,19.42,19.69,19.23,7346,32920537.0,2.36,-0.31,-0.06,0.82
2020-12-01,300620,19.43,19.68,19.76,19.32,7777,35111165.0,2.27,1.34,0.26,0.87
2020-12-02,300620,19.66,20.35,20.54,19.66,15383,71405888.0,4.47,3.4,0.67,1.72
2020-12-03,300620,20.66,20.48,20.81,20.3,14246,67257901.0,2.51,0.64,0.13,1.59
2020-12-04,300620,20.7,20.54,20.95,20.38,10106,47939923.0,2.78,0.29,0.06,1.13
2020-12-07,300620,20.7,20.71,20.82,20.39,10921,51837740.0,2.09,0.83,0.17,1.22
2020-12-08,300620,20.77,20.06,20.8,20.04,10614,49785316.0,3.67,-3.14,-0.65,1.19
2020-12-09,300620,20.08,20.25,21.03,20.08,18285,86704429.0,4.74,0.95,0.19,2.04
2020-12-10,300620,20.33,20.34,20.46,19.78,10426,48395197.0,3.36,0.44,0.09,1.16
2020-12-11,300620,20.12,19.3,20.28,19.28,15302,69034797.0,4.92,-5.11,-1.04,1.71
2020-12-14,300620,19.94,19.16,19.94,18.98,8965,39761616.0,4.97,-0.73,-0.14,1.0
2020-12-15,300620,19.16,19.23,19.38,19.1,6454,28585422.0,1.46,0.37,0.07,0.72
2020-12-16,300620,19.38,18.9,19.4,18.79,7280,31875646.0,3.17,-1.72,-0.33,0.81
2020-12-17,300620,18.96,19.1,19.1,18.09,11561,49589117.0,5.34,1.06,0.2,1.29
2020-12-18,300620,19.13,18.68,19.42,18.6,7421,32360813.0,4.29,-2.2,-0.42,0.83
2020-12-21,300620,18.65,19.03,19.14,18.16,6374,27708824.0,5.25,1.87,0.35,0.71
2020-12-22,300620,18.88,18.13,19.03,18.13,9661,41125217.0,4.73,-4.73,-0.9,1.08
2020-12-23,300620,17.98,17.83,18.48,17.79,8641,35806912.0,3.81,-1.65,-0.3,0.96
2020-12-24,300620,17.98,17.41,18.12,17.33,7894,32206378.0,4.43,-2.36,-0.42,0.88
2020-12-25,300620,17.38,17.46,17.95,17.23,7178,29070960.0,4.14,0.29,0.05,0.8
2020-12-28,300620,17.38,16.5,17.38,16.35,13618,52408701.0,5.9,-5.5,-0.96,1.52
2020-12-29,300620,16.7,16.88,17.27,16.41,10239,40175041.0,5.21,2.3,0.38,1.14
2020-12-30,300620,16.88,16.84,17.04,16.71,5789,22586387.0,1.95,-0.24,-0.04,0.65
2020-12-31,300620,16.93,17.96,18.34,16.93,14867,60924698.0,8.37,6.65,1.12,1.66
2021-01-04,300620,18.37,18.47,18.66,17.77,11389,48154922.0,4.96,2.84,0.51,1.27
2021-01-05,300620,18.46,18.62,18.83,18.14,8756,37268282.0,3.74,0.81,0.15,0.98
2021-01-06,300620,18.59,18.96,19.07,17.86,13886,58962281.0,6.5,1.83,0.34,1.55
2021-01-07,300620,18.58,17.39,18.6,17.27,16492,67555134.0,7.01,-8.28,-1.57,1.84
2021-01-08,300620,17.37,17.5,17.86,16.8,8426,34007774.0,6.1,0.63,0.11,0.94
2021-01-11,300620,17.34,16.97,17.76,16.83,8079,32165297.0,5.31,-3.03,-0.53,0.9
2021-01-12,300620,17.01,17.23,17.46,16.86,7138,28291635.0,3.54,1.53,0.26,0.8
2021-01-13,300620,17.14,16.65,17.33,16.55,9281,35949791.0,4.53,-3.37,-0.58,1.04
2021-01-14,300620,16.73,17.24,17.32,16.44,9197,36140666.0,5.29,3.54,0.59,1.03
2021-01-15,300620,17.17,17.27,17.53,17.05,7283,29145610.0,2.78,0.17,0.03,0.81
2021-01-18,300620,19.1,19.3,20.82,19.02,34918,159595598.0,10.42,11.75,2.03,3.9
2021-01-19,300620,18.61,19.27,19.27,18.3,22676,97174433.0,5.03,-0.16,-0.03,2.53
2021-01-20,300620,18.66,18.61,18.83,18.34,13988,59868829.0,2.54,-3.43,-0.66,1.56
2021-01-21,300620,18.56,18.08,18.65,17.97,13133,55251007.0,3.65,-2.85,-0.53,1.47
2021-01-22,300620,18.08,17.51,18.3,17.44,10590,43251361.0,4.76,-3.15,-0.57,1.18
2021-01-25,300620,17.46,17.12,17.49,16.94,7995,31793251.0,3.14,-2.23,-0.39,0.89
2021-01-26,300620,17.18,17.41,17.81,17.15,9458,38301863.0,3.86,1.69,0.29,1.06
2021-01-27,300620,17.61,17.06,17.61,17.04,7063,28039518.0,3.27,-2.01,-0.35,0.79
2021-01-28,300620,16.93,16.97,17.46,16.7,7455,29553022.0,4.45,-0.53,-0.09,0.83
2021-01-29,300620,17.32,17.02,17.32,16.71,5889,23080287.0,3.59,0.29,0.05,0.66
2021-02-01,300620,16.88,17.46,17.5,16.81,8507,34023665.0,4.05,2.59,0.44,0.95
2021-02-02,300620,17.45,17.63,17.7,17.16,6982,28166058.0,3.09,0.97,0.17,0.78
2021-02-03,300620,17.63,16.94,17.67,16.94,6759,26962160.0,4.14,-3.91,-0.69,0.76
2021-02-04,300620,16.92,15.75,17.0,15.37,13461,49730863.0,9.62,-7.02,-1.19,1.5
2021-02-05,300620,15.75,15.1,15.98,15.08,8530,30324176.0,5.71,-4.13,-0.65,0.95
2021-02-08,300620,15.1,15.03,15.36,14.92,4816,16844734.0,2.91,-0.46,-0.07,0.54
2021-02-09,300620,15.08,15.26,15.37,14.96,3925,13829484.0,2.73,1.53,0.23,0.44
2021-02-10,300620,15.34,15.35,15.7,15.22,4884,17437008.0,3.15,0.59,0.09,0.55
2021-02-18,300620,15.5,15.99,16.22,15.5,6636,24506400.0,4.69,4.17,0.64,0.74
2021-02-19,300620,15.83,16.17,16.23,15.83,6250,23276551.0,2.5,1.13,0.18,0.7
2021-02-22,300620,16.17,16.19,16.66,16.07,6946,26313027.0,3.65,0.12,0.02,0.78
2021-02-23,300620,16.19,15.97,16.23,15.87,4878,18057834.0,2.22,-1.36,-0.22,0.55
2021-02-24,300620,16.13,16.03,16.29,15.91,4401,16409032.0,2.38,0.38,0.06,0.49
2021-02-25,300620,16.31,15.7,16.34,15.7,5367,19793231.0,3.99,-2.06,-0.33,0.6
2021-02-26,300620,15.54,15.99,16.12,15.53,6643,24411626.0,3.76,1.85,0.29,0.74
2021-03-01,300620,16.04,16.47,16.48,16.01,6473,24429995.0,2.94,3.0,0.48,0.72
2021-03-02,300620,16.46,16.37,16.6,16.26,5355,20309903.0,2.06,-0.61,-0.1,0.6
2021-03-03,300620,16.23,16.41,16.51,16.18,4657,17607014.0,2.02,0.24,0.04,0.52
2021-03-04,300620,16.27,15.98,16.42,15.94,7222,27002206.0,2.93,-2.62,-0.43,0.81
2021-03-05,300620,15.89,16.35,16.37,15.83,5513,20609458.0,3.38,2.32,0.37,0.62
2021-03-08,300620,16.53,16.07,16.58,16.06,5708,21550228.0,3.18,-1.71,-0.28,0.64
2021-03-09,300620,16.09,15.46,16.26,15.2,7190,25882269.0,6.6,-3.8,-0.61,0.8
2021-03-10,300620,15.5,15.25,15.77,15.17,4689,16650117.0,3.88,-1.36,-0.21,0.52
2021-03-11,300620,15.16,15.38,15.52,14.84,8043,28259792.0,4.46,0.85,0.13,0.9
2021-03-12,300620,15.38,14.75,15.38,14.65,7678,26529488.0,4.75,-4.1,-0.63,0.86
2021-03-15,300620,14.66,14.81,14.92,14.54,3893,13293621.0,2.58,0.41,0.06,0.44
2021-03-16,300620,14.88,15.22,15.26,14.79,5893,20556192.0,3.17,2.77,0.41,0.66
2021-03-17,300620,15.23,15.37,15.48,15.12,4919,17472649.0,2.37,0.99,0.15,0.55
2021-03-18,300620,15.42,15.07,15.45,15.02,4183,14678811.0,2.8,-1.95,-0.3,0.47
2021-03-19,300620,15.05,15.27,15.5,14.97,5915,20989861.0,3.52,1.33,0.2,0.66
2021-03-22,300620,15.37,15.42,15.55,15.26,4272,15282669.0,1.9,0.98,0.15,0.48
2021-03-23,300620,15.48,15.54,15.73,15.33,6668,24012628.0,2.59,0.78,0.12,0.75
2021-03-24,300620,15.54,15.35,15.76,15.32,4896,17572222.0,2.83,-1.22,-0.19,0.55
2021-03-25,300620,15.33,15.32,15.5,15.28,3397,12101667.0,1.43,-0.2,-0.03,0.38
2021-03-26,300620,15.3,15.54,15.6,15.28,4926,17664326.0,2.09,1.44,0.22,0.55
2021-03-29,300620,15.54,15.46,15.68,15.34,4025,14419133.0,2.19,-0.51,-0.08,0.45
2021-03-30,300620,15.32,15.36,15.53,15.32,3791,13533790.0,1.36,-0.65,-0.1,0.42
2021-03-31,300620,15.1,14.89,15.1,14.66,6788,23424721.0,2.86,-3.06,-0.47,0.76
2021-04-01,300620,14.89,15.04,15.14,14.74,4747,16445721.0,2.69,1.01,0.15,0.53
2021-04-02,300620,15.11,15.82,16.15,14.94,11550,41809257.0,8.05,5.19,0.78,1.29
2021-04-06,300620,15.73,15.83,15.98,15.66,5862,21427584.0,2.02,0.06,0.01,0.66
2021-04-07,300620,15.82,15.96,15.99,15.7,5932,21758856.0,1.83,0.82,0.13,0.66
2021-04-08,300620,15.99,15.54,16.06,15.5,6714,24456012.0,3.51,-2.63,-0.42,0.77
2021-04-09,300620,15.53,15.68,15.81,15.37,5988,21583760.0,2.83,0.9,0.14,0.69
2021-04-12,300620,15.68,15.19,15.85,15.1,6316,22646594.0,4.78,-3.13,-0.49,0.73
2021-04-13,300620,15.23,15.01,15.28,14.98,2898,10139214.0,1.97,-1.18,-0.18,0.33
2021-04-14,300620,15.03,15.14,15.17,14.92,4450,15536433.0,1.67,0.87,0.13,0.51
2021-04-15,300620,15.11,15.46,15.5,14.84,6256,22029639.0,4.36,2.11,0.32,0.72
2021-04-16,300620,15.41,17.49,18.1,15.41,33747,130637831.0,17.4,13.13,2.03,3.88
2021-04-19,300620,18.69,17.7,19.32,17.5,49261,207754381.0,10.41,1.2,0.21,5.66
2021-04-20,300620,17.18,16.55,17.27,16.52,31835,124048421.0,4.24,-6.5,-1.15,3.66
2021-04-21,300620,16.34,16.1,16.56,16.06,16064,60324729.0,3.02,-2.72,-0.45,1.84
2021-04-22,300620,16.12,16.18,16.47,15.99,15603,58700241.0,2.98,0.5,0.08,1.79
2021-04-23,300620,16.33,16.7,17.24,16.09,22084,85442787.0,7.11,3.21,0.52,2.54
2021-04-26,300620,16.47,16.34,16.78,16.26,14650,55572828.0,3.11,-2.16,-0.36,1.68
2021-04-27,300620,16.87,16.57,17.1,16.56,16794,65122877.0,3.3,1.41,0.23,1.93
2021-04-28,300620,16.66,16.21,16.66,16.09,12968,48710665.0,3.44,-2.17,-0.36,1.49
2021-04-29,300620,16.29,16.47,16.82,16.18,11877,45360014.0,3.95,1.6,0.26,1.36
2021-04-30,300620,16.44,16.37,16.61,16.12,9190,34747729.0,2.98,-0.61,-0.1,1.06
2021-05-06,300620,16.19,16.22,16.48,16.14,7519,28207068.0,2.08,-0.92,-0.15,0.86
2021-05-07,300620,16.32,16.52,16.57,16.16,7969,30220852.0,2.53,1.85,0.3,0.92
2021-05-10,300620,16.53,16.82,17.13,16.52,12899,50326800.0,3.69,1.82,0.3,1.48
2021-05-11,300620,16.66,16.59,16.86,16.3,8410,32122009.0,3.33,-1.37,-0.23,0.97
2021-05-12,300620,16.58,16.98,17.09,16.36,12508,48688832.0,4.4,2.35,0.39,1.44
2021-05-13,300620,16.87,17.14,17.4,16.68,12694,50419722.0,4.24,0.94,0.16,1.46
2021-05-14,300620,17.14,17.1,17.41,16.93,10723,42487487.0,2.8,-0.23,-0.04,1.23
2021-05-17,300620,17.06,17.13,17.49,17.06,8708,34680483.0,2.51,0.18,0.03,1.0
2021-05-18,300620,17.06,16.64,17.12,16.6,10585,40871319.0,3.04,-2.86,-0.49,1.22
2021-05-19,300620,16.6,16.65,16.99,16.51,7404,28638891.0,2.88,0.06,0.01,0.85
2021-05-20,300620,16.82,16.89,17.06,16.57,7514,29296936.0,2.94,1.44,0.24,0.86
2021-05-21,300620,16.84,16.96,17.18,16.76,6342,24906826.0,2.49,0.41,0.07,0.73
2021-05-24,300620,17.14,17.46,17.6,16.89,10102,40602086.0,4.19,2.95,0.5,1.16
2021-05-25,300620,17.52,18.07,18.16,17.52,14804,61436018.0,3.67,3.49,0.61,1.7
2021-05-26,300620,18.13,18.82,19.26,17.81,29247,126078436.0,8.02,4.15,0.75,3.36
2021-05-27,300620,18.84,19.1,19.43,18.54,21500,94567796.0,4.73,1.49,0.28,2.47
2021-05-28,300620,19.11,19.05,19.37,18.74,15915,69831536.0,3.3,-0.26,-0.05,1.83
2021-05-31,300620,19.1,19.43,19.87,18.92,15679,70205755.0,4.99,1.99,0.38,1.8
2021-06-01,300620,19.28,19.29,19.58,19.15,10036,44693547.0,2.21,-0.72,-0.14,1.15
2021-06-02,300620,19.29,18.58,19.35,18.52,12417,53938165.0,4.3,-3.68,-0.71,1.43
2021-06-03,300620,18.6,19.37,19.86,18.6,17921,79802741.0,6.78,4.25,0.79,2.06
2021-06-04,300620,19.27,19.78,19.9,19.02,18351,82435767.0,4.54,2.12,0.41,2.18
2021-06-07,300620,19.63,19.98,20.41,19.63,17474,80283819.0,3.94,1.01,0.2,2.08
2021-06-08,300620,20.08,19.48,20.08,19.33,11148,50015052.0,3.75,-2.5,-0.5,1.32
2021-06-09,300620,19.45,19.46,19.86,19.19,10086,45088170.0,3.44,-0.1,-0.02,1.2
2021-06-10,300620,19.63,19.33,19.63,19.0,10920,48197950.0,3.24,-0.67,-0.13,1.3
2021-06-11,300620,19.25,18.52,19.27,18.43,15508,66624005.0,4.35,-4.19,-0.81,1.84
2021-06-15,300620,18.62,18.42,18.81,17.97,14318,60345315.0,4.54,-0.54,-0.1,1.69
2021-06-16,300620,18.42,18.17,18.75,18.13,10408,43970495.0,3.37,-1.36,-0.25,1.24
2021-06-17,300620,18.17,19.1,19.12,18.09,16970,72909405.0,5.67,5.12,0.93,2.02
2021-06-18,300620,19.0,19.61,19.83,18.98,13075,58526119.0,4.45,2.67,0.51,1.29
2021-06-21,300620,19.59,19.61,19.86,19.37,9692,43527954.0,2.5,0.0,0.0,0.96
2021-06-22,300620,19.63,19.83,19.97,19.28,13206,59631417.0,3.52,1.12,0.22,1.31
2021-06-23,300620,19.81,20.17,20.41,19.6,12886,59338906.0,4.08,1.71,0.34,1.27
2021-06-24,300620,20.34,19.74,20.65,19.63,14472,66496613.0,5.06,-2.13,-0.43,1.43
2021-06-25,300620,19.71,19.19,19.9,19.18,8807,39202779.0,3.65,-2.79,-0.55,0.87
2021-06-28,300620,19.19,20.66,20.8,19.03,22039,102162955.0,9.22,7.66,1.47,2.17
2021-06-29,300620,21.46,20.94,22.52,20.87,41894,205820182.0,7.99,1.36,0.28,4.13
2021-06-30,300620,20.9,21.61,22.08,20.52,31911,157717473.0,7.45,3.2,0.67,3.14
2021-07-01,300620,21.5,21.66,22.5,20.95,31041,155822769.0,7.17,0.23,0.05,3.05
2021-07-02,300620,21.45,22.6,23.14,21.45,32907,169071361.0,7.8,4.34,0.94,3.23
2021-07-05,300620,22.52,25.28,25.4,22.4,55084,305962016.0,13.27,11.86,2.68,5.41
2021-07-06,300620,24.97,24.14,25.1,23.17,44709,246008349.0,7.63,-4.51,-1.14,4.39
2021-07-07,300620,23.19,24.26,24.52,22.94,26848,145363348.0,6.55,0.5,0.12,2.64
2021-07-08,300620,24.24,23.6,24.43,23.28,19455,105236092.0,4.74,-2.72,-0.66,1.91
2021-07-09,300620,23.47,24.69,25.16,23.32,32944,184983461.0,7.8,4.62,1.09,3.24
2021-07-12,300620,24.96,27.9,29.24,24.48,49701,313123840.0,19.28,13.0,3.21,4.88
2021-07-13,300620,28.39,28.08,28.77,27.44,27479,176191249.0,4.77,0.65,0.18,2.7
2021-07-14,300620,28.08,27.14,28.14,26.46,17835,110114712.0,5.98,-3.35,-0.94,1.75
2021-07-15,300620,27.4,25.77,27.59,24.97,22420,132112822.0,9.65,-5.05,-1.37,2.2
2021-07-16,300620,25.92,24.92,26.7,24.79,20911,122946238.0,7.41,-3.3,-0.85,2.06
2021-07-19,300620,25.01,24.63,25.66,24.21,17929,101485480.0,5.82,-1.16,-0.29,1.76
2021-07-20,300620,24.88,24.47,24.94,23.66,14977,82680176.0,5.2,-0.65,-0.16,1.47
2021-07-21,300620,24.71,25.65,25.9,24.54,17929,104257702.0,5.56,4.82,1.18,1.76
2021-07-22,300620,25.85,24.7,26.07,24.12,21420,120999516.0,7.6,-3.7,-0.95,2.11
2021-07-23,300620,24.92,23.69,25.01,23.5,15863,87154169.0,6.11,-4.09,-1.01,1.56
2021-07-26,300620,23.63,23.78,24.38,23.07,17902,96772547.0,5.53,0.38,0.09,1.76
2021-07-27,300620,23.65,23.52,24.66,23.42,17057,93906383.0,5.21,-1.09,-0.26,1.68
2021-07-28,300620,23.1,22.67,23.69,22.15,20240,105374165.0,6.55,-3.61,-0.85,1.99
2021-07-29,300620,24.08,24.03,24.47,23.63,21796,119569068.0,3.71,6.0,1.36,2.14
2021-07-30,300620,24.03,22.82,24.18,22.74,24761,132492618.0,5.99,-5.04,-1.21,2.43
2021-08-02,300620,23.04,23.67,23.82,22.82,22255,118654355.0,4.38,3.72,0.85,2.19
2021-08-03,300620,23.52,22.1,23.67,21.85,24938,128966365.0,7.69,-6.63,-1.57,2.45
2021-08-04,300620,22.3,22.82,22.92,21.68,23700,121052646.0,5.61,3.26,0.72,2.33
2021-08-05,300620,23.12,22.34,23.12,22.21,12539,64341418.0,3.99,-2.1,-0.48,1.23
2021-08-06,300620,22.43,22.48,22.74,22.18,12595,64553287.0,2.51,0.63,0.14,1.24
2021-08-09,300620,22.43,22.82,23.08,21.99,12988,67405576.0,4.85,1.51,0.34,1.28
2021-08-10,300620,22.82,22.95,23.05,22.58,11885,62037040.0,2.06,0.57,0.13,1.17
2021-08-11,300620,22.97,22.44,23.14,22.2,14298,73345812.0,4.1,-2.22,-0.51,1.41
2021-08-12,300620,22.25,23.63,23.88,22.08,23407,123466575.0,8.02,5.3,1.19,2.3
2021-08-13,300620,23.28,23.33,23.49,22.77,21057,110894503.0,3.05,-1.27,-0.3,2.07
2021-08-16,300620,23.27,24.48,24.9,23.16,32260,180172692.0,7.46,4.93,1.15,3.17
2021-08-17,300620,24.03,24.01,24.78,23.66,21476,118591230.0,4.58,-1.92,-0.47,2.11
2021-08-18,300620,24.19,24.06,24.82,23.32,23540,130280925.0,6.25,0.21,0.05,2.32
2021-08-19,300620,24.08,23.29,24.08,22.3,20791,108909789.0,7.4,-3.2,-0.77,2.04
2021-08-20,300620,23.06,23.31,24.3,22.53,14421,77193961.0,7.6,0.09,0.02,1.42
2021-08-23,300620,23.32,25.59,26.64,23.31,42712,249073461.0,14.29,9.78,2.28,4.2
2021-08-24,300620,25.76,27.31,27.35,24.94,43734,264050814.0,9.42,6.72,1.72,4.3
2021-08-25,300620,27.43,26.68,27.72,25.95,29560,178472273.0,6.48,-2.31,-0.63,2.91
2021-08-26,300620,26.44,26.39,26.97,25.91,18958,114281902.0,3.97,-1.09,-0.29,1.86
2021-08-27,300620,26.38,25.7,26.48,25.5,14326,84385663.0,3.71,-2.61,-0.69,1.41
2021-08-30,300620,25.86,25.37,26.47,25.23,11643,68533147.0,4.82,-1.28,-0.33,1.15
2021-08-31,300620,25.34,23.72,25.57,23.14,31576,174663524.0,9.58,-6.5,-1.65,3.11
2021-09-01,300620,23.59,23.22,24.2,22.69,14137,75188044.0,6.37,-2.11,-0.5,1.39
2021-09-02,300620,23.22,23.34,23.53,22.53,9699,51271384.0,4.31,0.52,0.12,0.95
2021-09-03,300620,23.21,22.25,23.41,22.13,19060,98027325.0,5.48,-4.67,-1.09,1.87
2021-09-06,300620,22.75,23.6,24.21,22.52,22235,119171015.0,7.6,6.07,1.35,2.17
2021-09-07,300620,23.6,25.93,26.6,23.32,36760,214836045.0,13.9,9.87,2.33,3.59
2021-09-08,300620,25.54,25.1,26.45,24.99,22422,131020250.0,5.63,-3.2,-0.83,2.19
2021-09-09,300620,25.1,25.14,25.66,24.54,18752,106953304.0,4.46,0.16,0.04,1.83
2021-09-10,300620,25.03,24.53,25.03,23.97,15954,89237907.0,4.22,-2.43,-0.61,1.56
2021-09-13,300620,24.94,24.22,24.94,23.83,14743,81379673.0,4.53,-1.26,-0.31,1.44
2021-09-14,300620,24.11,23.63,24.46,23.49,10514,57490408.0,4.0,-2.44,-0.59,1.03
2021-09-15,300620,23.63,24.37,24.52,23.18,12035,66258816.0,5.67,3.13,0.74,1.18
2021-09-16,300620,24.25,25.94,26.56,24.02,28266,164393646.0,10.42,6.44,1.57,2.76
2021-09-17,300620,25.72,26.03,26.48,25.24,23437,138351268.0,4.78,0.35,0.09,2.29
2021-09-22,300620,25.68,25.8,26.46,25.2,18344,108153148.0,4.84,-0.88,-0.23,1.8
2021-09-23,300620,25.99,24.99,25.99,24.77,17578,100720721.0,4.73,-3.14,-0.81,1.72
2021-09-24,300620,24.99,27.17,27.35,24.79,40333,245743319.0,10.24,8.72,2.18,3.95
2021-09-27,300620,27.02,27.08,27.71,25.89,29509,180289819.0,6.7,-0.33,-0.09,2.89
2021-09-28,300620,26.6,27.76,28.07,25.67,30143,185127665.0,8.86,2.51,0.68,2.95
2021-09-29,300620,27.32,26.32,27.68,26.0,21892,133331963.0,6.05,-5.19,-1.44,2.14
2021-09-30,300620,26.36,27.99,28.38,26.3,25426,160963058.0,7.9,6.34,1.67,2.49
2021-10-08,300620,28.25,27.97,28.86,27.45,25936,167141380.0,5.04,-0.07,-0.02,2.54
2021-10-11,300620,27.86,25.64,27.9,25.61,26275,157783039.0,8.19,-8.33,-2.33,2.57
2021-10-12,300620,25.63,24.09,25.63,24.02,27385,153648233.0,6.28,-6.05,-1.55,2.68
2021-10-13,300620,24.08,24.2,24.23,23.54,12057,65793939.0,2.86,0.46,0.11,1.18
2021-10-14,300620,24.2,25.34,25.58,23.86,14191,80832237.0,7.11,4.71,1.14,1.39
2021-10-15,300620,25.28,25.33,25.62,24.9,8079,46573994.0,2.84,-0.04,-0.01,0.79
2021-10-18,300620,25.18,24.52,25.62,24.16,13405,75821369.0,5.76,-3.2,-0.81,1.31
2021-10-19,300620,24.34,25.18,25.54,24.25,10654,60965998.0,5.26,2.69,0.66,1.04
2021-10-20,300620,25.18,24.97,25.51,24.88,7841,44985794.0,2.5,-0.83,-0.21,0.77
2021-10-21,300620,25.14,24.17,25.14,24.1,10855,60774726.0,4.16,-3.2,-0.8,1.06
2021-10-22,300620,24.16,27.06,27.86,24.1,30267,181522055.0,15.56,11.96,2.89,2.96
2021-10-25,300620,27.1,26.79,27.13,26.34,15026,91394932.0,2.92,-1.0,-0.27,1.47
2021-10-26,300620,26.79,27.18,28.25,26.44,27192,168708310.0,6.76,1.46,0.39,2.56
2021-10-27,300620,27.62,29.86,30.74,27.13,63591,419272912.0,13.28,9.86,2.68,5.98
2021-10-28,300620,29.9,29.86,31.15,29.42,43955,302076976.0,5.79,0.0,0.0,4.13
2021-10-29,300620,29.85,30.2,30.74,28.84,34550,236096708.0,6.36,1.14,0.34,3.25
2021-11-01,300620,30.0,30.84,31.47,28.37,63825,290158816.0,10.26,2.12,0.64,4.0
2021-11-02,300620,30.84,29.72,31.2,29.11,43963,200830595.0,6.78,-3.63,-1.12,2.75
2021-11-03,300620,30.57,33.01,35.37,30.57,91820,462173536.0,16.15,11.07,3.29,5.75
2021-11-04,300620,33.28,33.39,33.99,32.03,63954,320389152.0,5.94,1.15,0.38,4.01
2021-11-05,300620,33.36,31.89,35.61,31.89,76897,389219664.0,11.14,-4.49,-1.5,4.82
2021-11-08,300620,31.9,31.19,32.41,29.55,60227,280577520.0,8.97,-2.2,-0.7,3.77
2021-11-09,300620,31.63,32.79,32.87,30.85,57245,277632416.0,6.48,5.13,1.6,3.59
2021-11-10,300620,32.31,31.59,32.43,31.29,35973,173428297.0,3.48,-3.66,-1.2,2.25
2021-11-11,300620,32.17,32.15,32.72,30.94,39723,192499522.0,5.63,1.77,0.56,2.49
2021-11-12,300620,32.17,32.58,34.27,32.03,53430,268030048.0,6.97,1.34,0.43,3.35
2021-11-15,300620,32.58,31.35,33.32,31.22,48900,236966833.0,6.45,-3.78,-1.23,3.06
2021-11-16,300620,31.37,31.57,31.97,30.83,31752,151380634.0,3.64,0.7,0.22,1.99
2021-11-17,300620,31.46,33.81,34.15,30.96,60860,302686224.0,10.1,7.1,2.24,3.81
2021-11-18,300620,33.63,33.97,34.48,32.72,52241,265968022.0,5.21,0.47,0.16,3.27
2021-11-19,300620,34.15,34.69,36.22,33.71,55956,295736640.0,7.39,2.12,0.72,3.51
2021-11-22,300620,34.97,35.9,36.29,34.07,52157,280022112.0,6.4,3.49,1.21,3.27
2021-11-23,300620,35.63,34.73,36.43,34.68,43779,235353444.0,4.87,-3.26,-1.17,2.74
2021-11-24,300620,34.7,36.5,37.07,34.52,62917,344896400.0,7.34,5.1,1.77,3.94
2021-11-25,300620,36.45,35.62,36.87,35.32,36742,198993724.0,4.25,-2.41,-0.88,2.3
2021-11-26,300620,35.97,34.49,36.5,33.9,40359,213204120.0,7.3,-3.17,-1.13,2.53
2021-11-29,300620,34.04,34.86,35.89,34.03,29351,155288912.0,5.39,1.07,0.37,1.84
2021-11-30,300620,34.74,36.39,36.77,34.6,45380,247859681.0,6.22,4.39,1.53,2.84
2021-12-01,300620,36.37,36.15,37.55,35.66,35674,196879876.0,5.19,-0.66,-0.24,2.24
2021-12-02,300620,36.12,34.98,36.49,34.42,34510,183692555.0,5.73,-3.24,-1.17,2.16
2021-12-03,300620,34.97,37.27,37.75,34.97,53211,295826960.0,7.95,6.55,2.29,3.33
2021-12-06,300620,37.26,35.73,37.27,35.62,29852,163678134.0,4.43,-4.13,-1.54,1.87
2021-12-07,300620,35.77,32.17,36.01,31.24,66495,332899616.0,13.35,-9.96,-3.56,4.17
2021-12-08,300620,31.77,32.18,33.12,31.77,36809,181125229.0,4.2,0.03,0.01,2.31
2021-12-09,300620,32.21,31.94,32.54,31.37,25582,123635545.0,3.64,-0.75,-0.24,1.6
2021-12-10,300620,31.63,31.7,32.04,30.97,22938,109917496.0,3.35,-0.75,-0.24,1.44
2021-12-13,300620,31.77,32.08,32.48,31.37,20671,100003470.0,3.5,1.2,0.38,1.3
2021-12-14,300620,32.31,32.0,33.17,31.82,28616,140967234.0,4.21,-0.25,-0.08,1.79
2021-12-15,300620,32.09,32.16,32.45,31.43,20510,99705893.0,3.19,0.5,0.16,1.29
2021-12-16,300620,31.89,32.47,32.53,31.77,24443,119393796.0,2.36,0.96,0.31,1.53
2021-12-17,300620,32.31,31.77,32.75,31.63,25457,124439048.0,3.45,-2.16,-0.7,1.6
2021-12-20,300620,31.7,31.21,31.83,29.83,38881,180686674.0,6.3,-1.76,-0.56,2.44
2021-12-21,300620,31.22,31.37,31.63,30.93,17134,81382547.0,2.24,0.51,0.16,1.07
2021-12-22,300620,31.63,31.91,32.54,31.25,27893,135802049.0,4.11,1.72,0.54,1.75
2021-12-23,300620,31.9,32.05,32.63,31.4,27216,132088490.0,3.85,0.44,0.14,1.71
2021-12-24,300620,33.48,33.4,36.03,32.63,69896,364346240.0,10.61,4.21,1.35,4.38
2021-12-27,300620,33.41,34.09,34.5,32.74,39266,201368602.0,5.27,2.07,0.69,2.46
2021-12-28,300620,34.03,33.17,34.94,32.97,32665,167875761.0,5.78,-2.7,-0.92,2.05
2021-12-29,300620,33.37,32.09,33.37,31.63,28345,138567948.0,5.25,-3.26,-1.08,1.78
2021-12-30,300620,32.1,34.9,35.29,32.07,64049,333019856.0,10.03,8.76,2.81,4.01
2021-12-31,300620,34.9,33.97,34.97,33.51,33430,172686440.0,4.18,-2.66,-0.93,2.09
2022-01-04,300620,33.71,33.71,34.81,33.08,26425,135406333.0,5.09,-0.77,-0.26,1.66
2022-01-05,300620,33.59,34.06,34.17,32.63,25776,130379653.0,4.57,1.04,0.35,1.62
2022-01-06,300620,33.63,35.03,35.3,33.11,39444,206832771.0,6.43,2.85,0.97,2.47
2022-01-07,300620,34.83,32.89,35.22,32.83,31784,161962721.0,6.82,-6.11,-2.14,1.99
2022-01-10,300620,33.57,32.63,33.57,30.97,31903,155055881.0,7.91,-0.79,-0.26,2.0
2022-01-11,300620,32.64,31.7,33.13,31.57,23942,116256915.0,4.78,-2.85,-0.93,1.5
2022-01-12,300620,31.63,32.22,32.7,31.44,17865,86595894.0,3.97,1.64,0.52,1.12
2022-01-13,300620,32.51,32.02,32.86,31.77,15291,74917715.0,3.38,-0.62,-0.2,0.96
2022-01-14,300620,31.73,32.25,32.95,31.41,17396,85479280.0,4.81,0.72,0.23,1.09
2022-01-17,300620,32.25,35.99,36.89,32.07,65812,349456080.0,14.95,11.6,3.74,4.12
2022-01-18,300620,36.89,36.17,37.61,35.32,48989,271437328.0,6.36,0.5,0.18,3.07
2022-01-19,300620,35.92,35.45,36.97,34.52,40989,220427623.0,6.77,-1.99,-0.72,2.57
2022-01-20,300620,35.29,34.05,36.02,33.77,23882,125214937.0,6.35,-3.95,-1.4,1.5
2022-01-21,300620,33.89,32.72,34.29,32.63,21775,109908498.0,4.88,-3.91,-1.33,1.36
2022-01-24,300620,32.39,33.07,33.89,32.31,21506,108372845.0,4.83,1.07,0.35,1.35
2022-01-25,300620,33.63,31.3,33.63,31.01,25634,125117561.0,7.92,-5.35,-1.77,1.61
2022-01-26,300620,31.43,31.63,32.39,31.18,19445,93700320.0,3.87,1.05,0.33,1.22
2022-01-27,300620,31.8,30.23,31.97,30.22,23665,110681073.0,5.53,-4.43,-1.4,1.48
2022-01-28,300620,30.49,30.67,31.21,29.09,27708,127557548.0,7.01,1.46,0.44,1.74
2022-02-07,300620,31.65,29.88,31.78,29.75,26124,121558612.0,6.62,-2.58,-0.79,1.64
2022-02-08,300620,29.88,29.3,30.23,28.44,29807,131638789.0,5.99,-1.94,-0.58,1.87
2022-02-09,300620,29.43,28.88,29.51,27.82,30979,133843727.0,5.77,-1.43,-0.42,1.94
2022-02-10,300620,28.6,27.37,28.78,27.06,35155,147547321.0,5.96,-5.23,-1.51,2.2
2022-02-11,300620,27.23,26.59,27.62,26.26,21842,89239845.0,4.97,-2.85,-0.78,1.37
2022-02-14,300620,26.41,26.39,26.8,25.77,15839,63538655.0,3.87,-0.75,-0.2,0.99
2022-02-15,300620,26.38,26.93,27.23,26.24,17806,72617246.0,3.75,2.05,0.54,1.12
2022-02-16,300620,27.09,27.73,27.9,26.99,25840,108154381.0,3.38,2.97,0.8,1.62
2022-02-17,300620,27.57,27.73,27.87,27.15,16957,70835895.0,2.6,0.0,0.0,1.06
2022-02-18,300620,27.63,28.03,28.2,27.29,14382,60870332.0,3.28,1.08,0.3,0.9
2022-02-21,300620,28.33,28.71,29.29,28.23,20202,88384945.0,3.78,2.43,0.68,1.27
2022-02-22,300620,28.31,28.75,29.32,28.09,22623,98826500.0,4.28,0.14,0.04,1.42
2022-02-23,300620,28.76,30.13,30.35,28.76,27085,122545013.0,5.53,4.8,1.38,1.69
2022-02-24,300620,30.02,29.63,30.68,29.01,26205,119205047.0,5.54,-1.66,-0.5,1.64
2022-02-25,300620,30.23,29.4,30.28,29.17,16236,72926860.0,3.75,-0.78,-0.23,1.02
2022-02-28,300620,29.31,29.78,29.96,28.97,17376,77884828.0,3.37,1.29,0.38,1.09
2022-03-01,300620,29.79,29.41,30.05,29.17,13622,60748526.0,2.96,-1.24,-0.37,0.85
2022-03-02,300620,29.17,29.59,29.75,29.06,13563,60623713.0,2.35,0.61,0.18,0.85
2022-03-03,300620,29.59,27.81,29.89,27.71,27607,118952361.0,7.37,-6.02,-1.78,1.73
2022-03-04,300620,28.13,27.47,28.53,27.37,17022,71773119.0,4.17,-1.22,-0.34,1.06
2022-03-07,300620,27.43,26.82,27.75,26.6,13390,54897601.0,4.19,-2.37,-0.65,0.84
2022-03-08,300620,26.82,26.49,27.41,25.97,18953,76656683.0,5.37,-1.23,-0.33,1.19
2022-03-09,300620,26.43,25.81,26.93,24.5,27472,106779323.0,9.17,-2.57,-0.68,1.72
2022-03-10,300620,26.3,26.52,26.9,26.12,19230,77459948.0,3.02,2.75,0.71,1.2
2022-03-11,300620,26.1,25.33,26.42,24.77,36978,142734054.0,6.22,-4.49,-1.19,2.31
2022-03-14,300620,24.99,23.0,25.07,22.83,59208,212966143.0,8.84,-9.2,-2.33,3.7
2022-03-15,300620,22.95,22.63,23.7,22.6,31712,111550075.0,4.78,-1.61,-0.37,1.98
2022-03-16,300620,22.97,23.64,23.69,22.17,26796,93749990.0,6.72,4.46,1.01,1.68
2022-03-17,300620,23.99,24.47,24.73,23.64,25618,94575649.0,4.61,3.51,0.83,1.6
2022-03-18,300620,24.23,23.97,24.34,23.63,18344,66817201.0,2.9,-2.04,-0.5,1.15
2022-03-21,300620,24.1,24.57,24.71,23.71,21376,79103172.0,4.17,2.5,0.6,1.34
2022-03-22,300620,24.33,24.07,24.5,23.9,19081,70122747.0,2.44,-2.04,-0.5,1.19
2022-03-23,300620,24.17,25.02,25.65,23.89,39217,148464244.0,7.31,3.95,0.95,2.45
2022-03-24,300620,24.79,24.08,24.8,23.75,24077,88553913.0,4.2,-3.76,-0.94,1.51
2022-03-25,300620,24.1,24.08,24.59,24.01,13164,48672503.0,2.41,0.0,0.0,0.82
2022-03-28,300620,23.85,23.92,24.19,23.17,15879,57326799.0,4.24,-0.66,-0.16,0.99
2022-03-29,300620,24.07,23.7,24.43,23.65,12107,44224572.0,3.26,-0.92,-0.22,0.76
2022-03-30,300620,24.16,23.96,24.27,23.71,12868,47055501.0,2.36,1.1,0.26,0.8
2022-03-31,300620,23.96,23.2,23.96,22.88,25080,88687659.0,4.51,-3.17,-0.76,1.57
2022-04-01,300620,23.2,22.59,23.39,22.55,20038,69707332.0,3.62,-2.63,-0.61,1.25
2022-04-06,300620,22.55,21.83,22.67,21.71,23738,79666778.0,4.25,-3.36,-0.76,1.48
2022-04-07,300620,21.63,21.06,21.9,21.02,22623,73886074.0,4.03,-3.53,-0.77,1.42
2022-04-08,300620,20.97,20.47,21.21,19.97,33131,103238201.0,5.89,-2.8,-0.59,2.07
2022-04-11,300620,20.61,19.57,20.61,19.3,19555,59137752.0,6.4,-4.4,-0.9,1.22
2022-04-12,300620,19.53,19.89,19.95,19.17,17886,53496970.0,3.99,1.64,0.32,1.12
2022-04-13,300620,19.77,19.1,19.85,19.07,13150,38819567.0,3.92,-3.97,-0.79,0.82
2022-04-14,300620,19.11,19.16,19.55,18.93,15668,45969073.0,3.25,0.31,0.06,0.98
2022-04-15,300620,19.03,18.77,19.08,18.5,17034,48858333.0,3.03,-2.04,-0.39,1.07
2022-04-18,300620,19.1,19.27,19.34,18.17,19421,56071192.0,6.23,2.66,0.5,1.21
2022-04-19,300620,19.63,19.12,20.59,18.97,45195,135452605.0,8.41,-0.78,-0.15,2.83
2022-04-20,300620,18.97,18.63,19.47,18.63,22046,64339273.0,4.39,-2.56,-0.49,1.38
2022-04-21,300620,18.64,17.89,18.87,17.79,17441,48900990.0,5.8,-3.97,-0.74,1.09
2022-04-22,300620,17.73,17.51,17.97,17.34,16559,44650619.0,3.52,-2.12,-0.38,1.04
2022-04-25,300620,17.25,16.01,17.29,15.89,22800,57689047.0,8.0,-8.57,-1.5,1.43
2022-04-26,300620,15.43,14.92,16.03,14.89,32722,77545846.0,7.12,-6.81,-1.09,2.05
2022-04-27,300620,14.95,15.61,15.63,14.31,25710,58827027.0,8.85,4.62,0.69,1.61
2022-04-28,300620,15.39,15.45,15.73,15.07,20673,48888000.0,4.23,-1.02,-0.16,1.29
2022-04-29,300620,15.63,15.9,16.07,15.36,17745,42922780.0,4.6,2.91,0.45,1.11
2022-05-05,300620,15.89,16.19,16.47,15.67,16490,40957652.0,5.03,1.82,0.29,1.03
2022-05-06,300620,15.71,16.01,16.23,15.55,11082,27105887.0,4.2,-1.11,-0.18,0.69
2022-05-09,300620,15.91,16.19,16.43,15.89,9372,23287383.0,3.37,1.12,0.18,0.59
2022-05-10,300620,15.99,16.51,16.67,15.65,16584,41715454.0,6.3,1.98,0.32,1.04
2022-05-11,300620,16.83,16.68,17.43,16.37,25341,66021488.0,6.42,1.03,0.17,1.59
2022-05-12,300620,16.53,16.83,17.01,16.53,14267,36736405.0,2.88,0.9,0.15,0.89
2022-05-13,300620,16.93,16.66,17.15,16.51,11466,29348515.0,3.8,-1.01,-0.17,0.72
2022-05-16,300620,16.97,16.87,17.29,16.57,17733,45894771.0,4.32,1.26,0.21,1.11
2022-05-17,300620,17.0,16.81,17.05,16.3,15240,38939787.0,4.45,-0.36,-0.06,0.95
2022-05-18,300620,16.88,17.01,17.21,16.84,15445,40276196.0,2.2,1.19,0.2,0.97
2022-05-19,300620,16.66,16.94,17.03,16.53,12290,31714452.0,2.94,-0.41,-0.07,0.77
2022-05-20,300620,17.03,17.18,17.4,16.87,13849,36236720.0,3.13,1.42,0.24,0.87
2022-05-23,300620,17.17,17.57,17.57,16.97,17289,45778860.0,3.49,2.27,0.39,1.08
2022-05-24,300620,17.52,16.34,17.6,16.33,21075,54935664.0,7.23,-7.0,-1.23,1.32
2022-05-25,300620,16.57,16.66,16.75,16.25,15736,39872854.0,3.06,1.96,0.32,0.98
2022-05-26,300620,16.56,17.01,17.09,16.1,16051,40684550.0,5.94,2.1,0.35,1.0
2022-05-27,300620,17.04,16.84,17.33,16.7,12606,32650723.0,3.7,-1.0,-0.17,0.79
2022-05-30,300620,16.87,17.11,17.17,16.59,12121,31192856.0,3.44,1.6,0.27,0.76
2022-05-31,300620,17.21,17.72,17.81,16.93,20952,55596603.0,5.14,3.57,0.61,1.31
2022-06-01,300620,17.67,17.81,18.04,17.63,18366,49719597.0,2.31,0.51,0.09,1.15
2022-06-02,300620,17.63,18.84,19.12,17.59,31628,89089615.0,8.59,5.78,1.03,1.98
2022-06-06,300620,19.24,19.9,19.92,19.23,47204,140233178.0,3.66,5.63,1.06,2.95
2022-06-07,300620,19.89,19.12,19.89,18.97,32972,96557840.0,4.62,-3.92,-0.78,2.06
2022-06-08,300620,19.24,18.89,19.28,18.37,23923,68306110.0,4.76,-1.2,-0.23,1.5
2022-06-09,300620,18.87,18.19,18.87,17.95,16283,45165098.0,4.87,-3.71,-0.7,1.02
2022-06-10,300620,18.23,18.61,18.83,17.92,17053,47965178.0,5.0,2.31,0.42,1.07
2022-06-13,300620,18.44,18.81,18.94,18.35,15724,44770839.0,3.17,1.07,0.2,0.98
2022-06-14,300620,18.77,18.51,18.77,17.81,16087,44479583.0,5.1,-1.59,-0.3,1.01
2022-06-15,300620,18.56,18.73,19.07,18.45,17737,50628485.0,3.35,1.19,0.22,1.11
2022-06-16,300620,18.78,19.06,19.49,18.57,20680,60204132.0,4.91,1.76,0.33,1.29
2022-06-17,300620,19.31,20.57,20.98,19.21,53829,165909088.0,9.29,7.92,1.51,3.37
2022-06-20,300620,20.63,20.43,21.17,20.37,39456,123806682.0,3.89,-0.68,-0.14,2.47
2022-06-21,300620,20.51,20.84,21.19,20.17,34181,107771789.0,4.99,2.01,0.41,2.14
2022-06-22,300620,20.67,21.11,21.29,20.29,43299,136330174.0,4.8,1.3,0.27,2.7
2022-06-23,300620,21.25,21.72,22.17,20.77,51345,166971501.0,6.63,2.89,0.61,3.2
2022-06-24,300620,21.73,21.86,22.35,21.37,39308,130357570.0,4.51,0.64,0.14,2.45
2022-06-27,300620,22.17,21.7,22.43,21.31,35439,116782061.0,5.12,-0.73,-0.16,2.21
2022-06-28,300620,21.69,22.11,22.37,20.96,34423,113482851.0,6.5,1.89,0.41,2.15
2022-06-29,300620,22.16,21.99,22.63,21.61,35863,120299830.0,4.61,-0.54,-0.12,2.24
2022-06-30,300620,22.03,21.89,22.33,21.69,26976,89933693.0,2.91,-0.45,-0.1,1.68
2022-07-01,300620,21.85,21.61,22.23,21.54,21820,72038702.0,3.15,-1.28,-0.28,1.36
2022-07-04,300620,21.61,21.73,21.95,21.11,22634,74264544.0,3.89,0.56,0.12,1.41
2022-07-05,300620,21.73,22.79,23.23,21.69,42755,146904102.0,7.09,4.88,1.06,2.67
2022-07-06,300620,22.79,24.06,24.43,22.31,53251,191214244.0,9.3,5.57,1.27,3.32
2022-07-07,300620,24.51,25.3,25.75,23.77,55416,207861078.0,8.23,5.15,1.24,3.46
2022-07-08,300620,25.35,24.17,25.62,23.98,35832,133456194.0,6.48,-4.47,-1.13,2.24
2022-07-11,300620,24.32,24.75,24.97,23.77,30503,113564374.0,4.96,2.4,0.58,1.9
2022-07-12,300620,24.44,23.91,25.01,23.81,18822,68874614.0,4.85,-3.39,-0.84,1.17
2022-07-13,300620,23.77,23.9,24.25,23.55,12742,46075469.0,2.93,-0.04,-0.01,0.79
2022-07-14,300620,23.77,24.17,24.78,23.45,19157,70273587.0,5.56,1.13,0.27,1.19
2022-07-15,300620,24.29,23.42,24.43,23.39,20048,72433357.0,4.3,-3.1,-0.75,1.25
2022-07-18,300620,23.69,23.15,23.76,22.82,27260,95542550.0,4.01,-1.15,-0.27,1.7
2022-07-19,300620,23.27,23.59,23.97,22.95,25802,91791283.0,4.41,1.9,0.44,1.61
2022-07-20,300620,23.59,23.11,23.74,22.99,21105,74326163.0,3.18,-2.03,-0.48,1.32
2022-07-21,300620,22.99,23.49,23.73,22.81,22654,80154091.0,3.98,1.64,0.38,1.41
2022-07-22,300620,23.42,23.13,24.01,22.95,19645,69507764.0,4.51,-1.53,-0.36,1.23
2022-07-25,300620,22.98,22.22,23.33,22.2,23438,80043719.0,4.89,-3.93,-0.91,1.46
2022-07-26,300620,22.23,22.44,22.59,21.93,15820,53437894.0,2.97,0.99,0.22,0.99
2022-07-27,300620,22.44,22.9,23.1,22.0,18961,65334227.0,4.9,2.05,0.46,1.18
2022-07-28,300620,23.13,23.43,23.65,22.91,21190,75123001.0,3.23,2.31,0.53,1.32
2022-07-29,300620,23.43,22.57,23.56,22.55,19043,66111669.0,4.31,-3.67,-0.86,1.19
2022-08-01,300620,22.33,24.07,24.27,22.03,33102,118183960.0,9.92,6.65,1.5,2.06
2022-08-02,300620,24.2,26.37,27.79,23.78,118741,459880025.0,16.66,9.56,2.3,7.41
2022-08-03,300620,26.57,30.01,31.43,26.57,115939,521430177.0,18.43,13.8,3.64,7.23
2022-08-04,300620,30.01,29.43,30.43,28.53,69868,310839438.0,6.33,-1.93,-0.58,4.36
2022-08-05,300620,29.5,30.97,32.01,29.35,80352,374455755.0,9.04,5.23,1.54,5.01
2022-08-08,300620,30.27,31.53,32.3,29.78,47212,222009860.0,8.14,1.81,0.56,2.94
2022-08-09,300620,31.43,31.3,31.9,30.43,33782,159227246.0,4.66,-0.73,-0.23,2.11
2022-08-10,300620,31.3,33.38,34.43,31.1,58913,297561242.0,10.64,6.65,2.08,3.67
2022-08-11,300620,34.43,33.37,36.15,32.57,69990,363171194.0,10.72,-0.03,-0.01,4.37
2022-08-12,300620,33.37,31.5,33.41,31.3,54995,266022127.0,6.32,-5.6,-1.87,3.43
2022-08-15,300620,31.54,31.78,32.25,31.12,29834,143254489.0,3.59,0.89,0.28,1.86
2022-08-16,300620,31.69,32.81,32.97,31.1,28527,139394505.0,5.88,3.24,1.03,1.78
2022-08-17,300620,32.43,31.91,32.79,31.57,37331,181355851.0,3.72,-2.74,-0.9,2.33
2022-08-18,300620,31.82,31.25,31.92,31.11,25368,120516700.0,2.54,-2.07,-0.66,1.58
2022-08-19,300620,31.56,30.49,32.05,30.37,30917,145586302.0,5.38,-2.43,-0.76,1.93
2022-08-22,300620,30.64,29.85,31.02,29.22,30107,135657951.0,5.9,-2.1,-0.64,1.88
2022-08-23,300620,29.85,30.09,30.57,29.59,17346,78769059.0,3.28,0.8,0.24,1.08
2022-08-24,300620,30.11,28.37,30.23,28.1,30047,130839771.0,7.08,-5.72,-1.72,1.87
2022-08-25,300620,28.43,27.96,28.67,27.11,27058,113379201.0,5.5,-1.45,-0.41,1.69
2022-08-26,300620,28.01,27.34,28.43,27.28,14802,62366399.0,4.11,-2.22,-0.62,0.92
2022-08-29,300620,27.1,27.87,29.32,26.77,24044,103099118.0,9.33,1.94,0.53,1.5
2022-08-30,300620,27.78,27.51,28.49,27.43,13221,55643577.0,3.8,-1.29,-0.36,0.82
2022-08-31,300620,27.53,25.86,27.91,25.75,20975,83600466.0,7.85,-6.0,-1.65,1.31
2022-09-01,300620,26.31,25.43,26.31,25.31,14611,56703275.0,3.87,-1.66,-0.43,0.91
2022-09-02,300620,25.57,26.48,27.02,25.46,14480,57664470.0,6.13,4.13,1.05,0.9
2022-09-05,300620,26.49,24.98,26.97,24.68,35598,136583214.0,8.65,-5.66,-1.5,2.22
2022-09-06,300620,25.04,25.17,25.65,24.47,31487,119273984.0,4.72,0.76,0.19,1.96
2022-09-07,300620,25.1,26.89,28.19,25.02,44940,183627004.0,12.59,6.83,1.72,2.8
2022-09-08,300620,27.05,25.6,27.05,25.5,29470,115710734.0,5.76,-4.8,-1.29,1.84
2022-09-09,300620,25.49,24.61,25.8,24.14,27631,102736886.0,6.48,-3.87,-0.99,1.72
2022-09-13,300620,24.57,24.72,25.3,24.35,14495,54200469.0,3.86,0.45,0.11,0.9
2022-09-14,300620,24.45,24.21,24.87,23.84,27110,98955940.0,4.17,-2.06,-0.51,1.69
2022-09-15,300620,24.24,22.82,24.35,22.47,34779,121609504.0,7.77,-5.74,-1.39,2.17
2022-09-16,300620,22.95,22.6,23.53,22.59,16703,58352241.0,4.12,-0.96,-0.22,1.04
2022-09-19,300620,22.75,22.17,23.12,22.17,14845,50561358.0,4.2,-1.9,-0.43,0.93
2022-09-20,300620,22.22,22.48,22.89,22.17,12477,42627719.0,3.25,1.4,0.31,0.78
2022-09-21,300620,22.3,22.69,22.87,21.78,15092,51375934.0,4.85,0.93,0.21,0.94
2022-09-22,300620,22.39,22.85,23.43,22.39,18011,62603886.0,4.58,0.71,0.16,1.12
2022-09-23,300620,22.85,21.92,23.22,21.78,20129,67852649.0,6.3,-4.07,-0.93,1.26
2022-09-26,300620,21.39,21.7,22.19,21.39,19955,65890532.0,3.65,-1.0,-0.22,1.24
2022-09-27,300620,21.85,22.07,22.23,21.63,14136,47028723.0,2.76,1.71,0.37,0.88
2022-09-28,300620,22.03,21.28,22.1,21.28,14212,46426484.0,3.72,-3.58,-0.79,0.89
2022-09-29,300620,21.58,21.36,21.75,21.13,10931,35454263.0,2.91,0.38,0.08,0.68
2022-09-30,300620,21.49,20.54,21.49,20.53,11150,35258181.0,4.49,-3.84,-0.82,0.7
2022-10-10,300620,20.7,20.4,20.97,20.16,11998,37132886.0,3.94,-0.68,-0.14,0.75
2022-10-11,300620,20.2,19.94,20.39,19.77,17947,54402379.0,3.04,-2.25,-0.46,1.12
2022-10-12,300620,20.07,20.82,20.82,19.6,23469,71941352.0,6.12,4.41,0.88,1.46
2022-10-13,300620,20.57,21.19,21.89,20.57,22968,74592844.0,6.34,1.78,0.37,1.43
2022-10-14,300620,21.66,21.92,22.01,21.19,17675,58159115.0,3.87,3.45,0.73,1.1
2022-10-17,300620,21.84,22.71,22.73,21.63,20532,69607215.0,5.02,3.6,0.79,1.28
2022-10-18,300620,22.77,22.61,22.83,22.35,12410,42407303.0,2.11,-0.44,-0.1,0.77
2022-10-19,300620,22.57,22.13,22.95,22.13,17071,58066323.0,3.63,-2.12,-0.48,1.06
2022-10-20,300620,21.79,22.09,22.62,21.3,22021,73305769.0,5.96,-0.18,-0.04,1.37
2022-10-21,300620,22.03,21.63,22.09,21.11,17849,58409600.0,4.44,-2.08,-0.46,1.11
2022-10-24,300620,21.78,22.92,23.47,21.77,39440,136213836.0,7.86,5.96,1.29,2.46
2022-10-25,300620,22.81,23.54,24.59,22.43,57327,204147239.0,9.42,2.71,0.62,3.58
2022-10-26,300620,23.4,24.37,25.01,22.85,52510,190629881.0,9.18,3.53,0.83,3.28
2022-10-27,300620,24.11,23.92,24.75,23.7,38606,141107172.0,4.31,-1.85,-0.45,2.41
2022-10-28,300620,23.47,22.83,24.29,22.69,29282,104495142.0,6.69,-4.56,-1.09,1.83
2022-10-31,300620,22.89,23.53,24.0,22.37,27095,96160754.0,7.14,3.07,0.7,1.69
2022-11-01,300620,23.51,23.61,23.64,22.77,24527,86247873.0,3.7,0.34,0.08,1.53
2022-11-02,300620,23.35,24.11,24.53,23.35,29685,108397221.0,5.0,2.12,0.5,1.85
2022-11-03,300620,23.91,24.42,24.61,23.83,25083,92266041.0,3.24,1.29,0.31,1.56
2022-11-04,300620,24.27,24.65,24.89,23.89,35327,130599571.0,4.1,0.94,0.23,2.2
2022-11-07,300620,24.79,24.15,24.79,24.03,29234,107565765.0,3.08,-2.03,-0.5,1.82
2022-11-08,300620,24.17,23.94,24.21,23.57,14723,53117800.0,2.65,-0.87,-0.21,0.92
2022-11-09,300620,23.78,23.89,24.27,23.51,15132,54760594.0,3.17,-0.21,-0.05,0.94
2022-11-10,300620,23.67,23.57,24.21,23.33,19287,69254167.0,3.68,-1.34,-0.32,1.2
2022-11-11,300620,24.07,23.6,24.33,23.6,28341,102988091.0,3.1,0.13,0.03,1.77
2022-11-14,300620,23.7,23.77,24.39,23.12,24077,87174056.0,5.38,0.72,0.17,1.5
2022-11-15,300620,23.62,24.37,24.53,23.42,34749,127110631.0,4.67,2.52,0.6,2.17
2022-11-16,300620,24.4,25.71,26.03,24.4,49903,192836201.0,6.69,5.5,1.34,3.11
2022-11-17,300620,25.41,26.56,26.74,25.2,56135,221804728.0,5.99,3.31,0.85,3.5
2022-11-18,300620,26.52,25.84,26.52,25.69,32494,128009986.0,3.13,-2.71,-0.72,2.03
2022-11-21,300620,25.77,28.08,28.18,25.51,55989,228632051.0,10.33,8.67,2.24,3.49
2022-11-22,300620,27.72,28.17,29.48,27.11,56625,240644089.0,8.44,0.32,0.09,3.53
2022-11-23,300620,27.6,27.49,28.2,26.67,30252,125015634.0,5.43,-2.41,-0.68,1.89
2022-11-24,300620,27.39,28.37,28.79,27.12,35403,151006064.0,6.07,3.2,0.88,2.21
2022-11-25,300620,28.17,28.37,28.55,27.43,19833,84129013.0,3.95,0.0,0.0,1.24
2022-11-28,300620,27.63,28.14,29.3,27.31,31410,134806670.0,7.01,-0.81,-0.23,1.96
2022-11-29,300620,28.13,29.24,29.3,27.57,29409,127691192.0,6.15,3.91,1.1,1.83
2022-11-30,300620,29.24,29.11,29.83,28.8,22897,101554939.0,3.52,-0.44,-0.13,1.43
2022-12-01,300620,29.02,28.45,29.46,28.43,19556,84934790.0,3.54,-2.27,-0.66,1.22
2022-12-02,300620,28.31,28.18,29.23,27.61,23175,99201773.0,5.69,-0.95,-0.27,1.45
2022-12-05,300620,28.57,27.99,29.17,27.76,19824,85462669.0,5.0,-0.67,-0.19,1.24
2022-12-06,300620,27.78,27.75,28.32,27.27,15381,64356201.0,3.75,-0.86,-0.24,0.96
2022-12-07,300620,27.69,27.64,27.95,27.33,12660,52930153.0,2.23,-0.4,-0.11,0.79
2022-12-08,300620,27.57,28.8,29.19,27.4,20892,89958537.0,6.48,4.2,1.16,1.3
2022-12-09,300620,28.57,28.17,28.75,27.62,14263,60764964.0,3.92,-2.19,-0.63,0.89
2022-12-12,300620,28.16,28.83,28.97,27.37,18764,80583881.0,5.68,2.34,0.66,1.17
2022-12-13,300620,28.75,27.63,28.75,27.57,15243,64589550.0,4.09,-4.16,-1.2,0.95
2022-12-14,300620,27.92,26.85,28.33,26.7,16061,66331776.0,5.9,-2.82,-0.78,1.0
2022-12-15,300620,26.85,26.97,27.53,26.8,14032,57511566.0,2.72,0.45,0.12,0.88
2022-12-16,300620,26.95,27.16,27.3,25.91,20944,83885407.0,5.15,0.7,0.19,1.31
2022-12-19,300620,26.99,25.82,27.19,25.77,17487,69254929.0,5.23,-4.93,-1.34,1.09
2022-12-20,300620,25.82,25.91,26.2,25.66,6644,26083561.0,2.09,0.35,0.09,0.41
2022-12-21,300620,25.89,25.9,26.15,25.67,6237,24423371.0,1.85,-0.04,-0.01,0.39
2022-12-22,300620,26.09,25.21,26.33,25.11,10473,40732032.0,4.71,-2.66,-0.69,0.65
2022-12-23,300620,25.31,24.71,25.42,24.57,9544,35940569.0,3.37,-1.98,-0.5,0.6
2022-12-26,300620,24.71,25.86,26.03,24.71,10050,38872660.0,5.34,4.65,1.15,0.63
2022-12-27,300620,26.0,25.83,26.17,25.52,6927,27084446.0,2.51,-0.12,-0.03,0.43
2022-12-28,300620,25.83,25.44,26.04,25.37,6353,24622353.0,2.59,-1.51,-0.39,0.4
2022-12-29,300620,25.26,25.17,25.94,25.17,6724,25959568.0,3.03,-1.06,-0.27,0.42
2022-12-30,300620,25.47,24.97,25.49,24.9,6255,23788645.0,2.34,-0.79,-0.2,0.39
2023-01-03,300620,25.11,26.43,26.55,24.83,14895,58213368.0,6.89,5.85,1.46,0.93
2023-01-04,300620,26.59,26.23,26.63,25.82,10028,39628569.0,3.06,-0.76,-0.2,0.63
2023-01-05,300620,26.25,26.82,27.15,25.91,12370,49883218.0,4.73,2.25,0.59,0.77
2023-01-06,300620,26.76,27.13,27.23,26.44,12655,51614297.0,2.95,1.16,0.31,0.79
2023-01-09,300620,27.01,26.86,27.33,26.65,10714,43590073.0,2.51,-1.0,-0.27,0.67
2023-01-10,300620,26.86,26.81,27.14,26.59,6366,25901212.0,2.05,-0.19,-0.05,0.4
2023-01-11,300620,26.81,26.35,27.23,26.31,7462,30121942.0,3.43,-1.72,-0.46,0.47
2023-01-12,300620,26.43,26.63,27.52,26.41,10918,44572889.0,4.21,1.06,0.28,0.68
2023-01-13,300620,26.69,26.23,26.75,25.97,7619,30236639.0,2.93,-1.5,-0.4,0.48
2023-01-16,300620,26.09,27.05,27.09,26.09,9529,38624822.0,3.81,3.13,0.82,0.59
2023-01-17,300620,27.22,27.57,28.27,26.86,17746,74381883.0,5.21,1.92,0.52,1.11
2023-01-18,300620,27.72,27.09,28.0,27.07,8714,36162032.0,3.37,-1.74,-0.48,0.54
2023-01-19,300620,27.12,27.18,27.27,26.87,6409,26310856.0,1.48,0.33,0.09,0.4
2023-01-20,300620,27.41,27.49,27.72,27.2,6185,25681880.0,1.91,1.14,0.31,0.39
2023-01-30,300620,27.84,27.75,28.09,27.63,7983,33628275.0,1.67,0.95,0.26,0.5
2023-01-31,300620,27.76,28.29,28.5,27.27,12894,54571061.0,4.43,1.95,0.54,0.8
2023-02-01,300620,28.34,28.59,28.71,28.07,10571,45526375.0,2.26,1.06,0.3,0.66
2023-02-02,300620,28.57,28.23,28.95,28.17,9459,40692985.0,2.73,-1.26,-0.36,0.59
2023-02-03,300620,28.15,28.45,28.82,27.99,8322,35754721.0,2.94,0.78,0.22,0.52
2023-02-06,300620,28.43,28.27,28.67,28.07,8584,36750721.0,2.11,-0.63,-0.18,0.54
2023-02-07,300620,28.47,29.26,30.43,28.19,26804,119613520.0,7.92,3.5,0.99,1.67
2023-02-08,300620,29.95,29.9,32.23,29.39,34260,157046186.0,9.71,2.19,0.64,2.14
2023-02-09,300620,29.41,31.77,32.09,29.39,54130,253565789.0,9.03,6.25,1.87,3.38
2023-02-10,300620,32.09,29.59,33.02,29.44,68111,316349850.0,11.27,-6.86,-2.18,4.25
2023-02-13,300620,29.59,29.27,30.09,28.8,38331,170470781.0,4.36,-1.08,-0.32,2.39
2023-02-14,300620,29.62,29.57,30.4,29.24,27435,123384672.0,3.96,1.02,0.3,1.71
2023-02-15,300620,29.21,28.99,29.34,28.69,24918,109263238.0,2.2,-1.96,-0.58,1.55
2023-02-16,300620,29.02,27.83,29.31,27.77,25255,108743340.0,5.31,-4.0,-1.16,1.58
2023-02-17,300620,27.77,26.69,28.1,26.37,27025,110901079.0,6.22,-4.1,-1.14,1.69
2023-02-20,300620,26.63,26.72,26.82,26.27,16797,67461186.0,2.06,0.11,0.03,1.05
2023-02-21,300620,26.9,27.95,28.51,26.75,29020,121817750.0,6.59,4.6,1.23,1.81
2023-02-22,300620,27.78,28.53,29.27,27.34,23767,102093337.0,6.91,2.08,0.58,1.48
2023-02-23,300620,28.73,28.91,29.55,28.5,27663,121584575.0,3.68,1.33,0.38,1.73
2023-02-24,300620,29.03,28.53,29.27,28.37,14408,62590561.0,3.11,-1.31,-0.38,0.9
2023-02-27,300620,28.37,28.37,28.95,28.25,11923,51402801.0,2.45,-0.56,-0.16,0.74
2023-02-28,300620,28.57,28.45,29.07,28.14,15193,65721468.0,3.28,0.28,0.08,0.95
2023-03-01,300620,28.48,28.88,28.95,28.03,20574,88874314.0,3.23,1.51,0.43,1.28
2023-03-02,300620,28.87,30.43,31.22,28.85,46870,214258139.0,8.21,5.37,1.55,2.92
2023-03-03,300620,30.22,28.57,30.22,28.35,37436,164205867.0,6.15,-6.11,-1.86,2.33
2023-03-06,300620,28.45,28.63,28.87,28.14,15652,67637746.0,2.56,0.21,0.06,0.98
2023-03-07,300620,28.44,27.76,28.63,27.15,24383,101933171.0,5.17,-3.04,-0.87,1.52
2023-03-08,300620,27.46,28.48,28.54,27.31,18627,78935691.0,4.43,2.59,0.72,1.16
2023-03-09,300620,28.57,28.52,28.71,28.17,8683,37372267.0,1.9,0.14,0.04,0.54
2023-03-10,300620,28.29,27.92,28.47,27.69,18602,78829433.0,2.73,-2.1,-0.6,1.16
2023-03-13,300620,27.69,28.08,28.4,27.69,12992,55104439.0,2.54,0.57,0.16,0.81
2023-03-14,300620,28.21,27.43,28.21,26.9,18021,74584945.0,4.67,-2.31,-0.65,1.12
2023-03-15,300620,27.61,26.76,27.78,26.76,14258,58672284.0,3.72,-2.44,-0.67,0.89
2023-03-16,300620,26.65,26.2,26.81,26.15,11590,46364915.0,2.47,-2.09,-0.56,0.72
2023-03-17,300620,26.41,26.94,27.27,26.41,16392,66662327.0,3.28,2.82,0.74,1.02
2023-03-20,300620,26.88,26.93,27.57,26.78,15610,63953278.0,2.93,-0.04,-0.01,0.97
2023-03-21,300620,26.9,27.81,28.07,26.9,18153,75712027.0,4.34,3.27,0.88,1.13
2023-03-22,300620,27.97,29.89,30.89,27.58,58984,263038149.0,11.9,7.48,2.08,3.68
2023-03-23,300620,30.01,31.02,31.21,29.42,63319,290363979.0,5.99,3.78,1.13,3.95
2023-03-24,300620,30.67,30.35,31.07,29.64,41717,190691012.0,4.61,-2.16,-0.67,2.6
2023-03-27,300620,30.51,31.05,31.39,30.29,35593,166470900.0,3.62,2.31,0.7,2.22
2023-03-28,300620,31.25,30.14,31.61,30.1,41076,191798073.0,4.86,-2.93,-0.91,2.56
2023-03-29,300620,30.43,30.97,31.62,29.94,55621,260117267.0,5.57,2.75,0.83,3.47
2023-03-30,300620,31.09,29.95,31.13,29.82,35623,163086073.0,4.23,-3.29,-1.02,2.22
2023-03-31,300620,29.97,30.53,30.65,29.42,25992,118719674.0,4.11,1.94,0.58,1.62
2023-04-03,300620,30.67,32.85,33.31,30.57,84067,412124227.0,8.97,7.6,2.32,5.24
2023-04-04,300620,34.43,32.08,34.61,31.57,110242,551943837.0,9.25,-2.34,-0.77,6.88
2023-04-06,300620,31.7,36.44,37.49,31.59,144234,756368779.0,18.39,13.59,4.36,9.0
2023-04-07,300620,36.43,34.88,36.73,34.4,93453,496898229.0,6.39,-4.28,-1.56,5.83
2023-04-10,300620,34.63,36.44,39.43,34.62,107342,597213539.0,13.79,4.47,1.56,6.69
2023-04-11,300620,36.5,35.31,37.18,34.37,92435,495026149.0,7.71,-3.1,-1.13,5.77
2023-04-12,300620,34.29,34.9,35.03,33.37,73439,380590170.0,4.7,-1.16,-0.41,4.58
2023-04-13,300620,35.09,32.79,36.8,32.62,95822,497895315.0,11.98,-6.05,-2.11,5.98
2023-04-14,300620,32.8,37.31,37.69,32.8,135802,720903027.0,14.91,13.78,4.52,8.47
2023-04-17,300620,36.43,36.57,38.3,35.69,97465,541838551.0,7.0,-1.98,-0.74,6.07
2023-04-18,300620,36.63,43.93,43.93,36.63,137932,849161013.0,19.96,20.13,7.36,8.59
2023-04-19,300620,45.4,45.97,48.3,44.64,194321,1358303359.0,8.33,4.64,2.04,12.11
2023-04-20,300620,45.52,48.09,49.66,45.13,161982,1155533942.0,9.85,4.61,2.12,10.09
2023-04-21,300620,46.6,44.67,46.77,43.95,122687,835547696.0,5.86,-7.11,-3.42,7.64
2023-04-24,300620,45.63,48.43,48.43,44.12,153894,1079985322.0,9.65,8.42,3.76,9.59
2023-04-25,300620,46.43,43.1,46.43,41.77,133520,889781964.0,9.62,-11.01,-5.33,8.32
2023-04-26,300620,42.9,39.77,44.43,38.44,139507,862963746.0,13.9,-7.73,-3.33,8.69
2023-04-27,300620,37.77,35.45,38.27,34.56,122816,672821718.0,9.33,-10.86,-4.32,7.65
2023-04-28,300620,35.09,36.85,37.73,34.77,102762,571492803.0,8.35,3.95,1.4,6.4
2023-05-04,300620,36.85,37.28,38.23,36.0,83638,468665888.0,6.05,1.17,0.43,5.21
2023-05-05,300620,36.44,33.3,36.83,33.09,108955,565476696.0,10.03,-10.68,-3.98,6.79
2023-05-08,300620,33.81,34.63,35.24,32.59,63870,332601751.0,7.96,3.99,1.33,3.98
2023-05-09,300620,34.03,34.28,36.27,34.03,64329,340936528.0,6.47,-1.01,-0.35,4.01
2023-05-10,300620,34.71,34.0,36.03,33.3,54832,285244657.0,7.96,-0.82,-0.28,3.42
2023-05-11,300620,34.1,33.43,34.1,32.8,41495,210245985.0,3.82,-1.68,-0.57,2.59
2023-05-12,300620,33.78,33.77,34.93,33.3,67715,347854282.0,4.88,1.02,0.34,4.21
2023-05-15,300620,33.83,34.19,34.9,32.35,62245,313663276.0,7.55,1.24,0.42,3.87
2023-05-16,300620,34.76,36.02,36.81,34.14,116159,621520107.0,7.81,5.35,1.83,7.23
2023-05-17,300620,35.11,37.38,37.63,34.6,126287,694321603.0,8.41,3.78,1.36,7.86
2023-05-18,300620,38.52,40.1,41.48,37.7,251685,1007675842.0,10.11,7.28,2.72,10.44
2023-05-19,300620,38.21,37.89,38.82,36.79,194258,736850820.0,5.06,-5.51,-2.21,8.06
2023-05-22,300620,37.0,35.7,37.63,35.21,134412,487618984.0,6.39,-5.78,-2.19,5.58
2023-05-23,300620,35.95,38.82,40.88,35.72,250000,962316460.0,14.45,8.74,3.12,10.37
2023-05-24,300620,38.37,46.6,46.6,38.37,370488,1671577918.0,21.2,20.04,7.78,15.37
2023-05-25,300620,49.9,45.4,51.39,44.05,479557,2294022865.0,15.75,-2.58,-1.2,19.9
2023-05-26,300620,45.3,51.89,54.5,45.14,484560,2488089731.0,20.62,14.3,6.49,20.11
2023-05-29,300620,51.88,58.9,62.05,49.97,461561,2552554139.0,23.28,13.51,7.01,19.15
2023-05-30,300620,58.31,59.19,62.78,56.29,451750,2656091308.0,11.02,0.49,0.29,18.74
2023-05-31,300620,58.33,55.8,58.78,54.1,369115,2056201637.0,7.91,-5.73,-3.39,15.32
2023-06-01,300620,52.9,53.83,55.18,52.61,270343,1464307581.0,4.61,-3.53,-1.97,11.22
2023-06-02,300620,54.91,53.73,56.48,53.1,257383,1416658301.0,6.28,-0.19,-0.1,10.68
2023-06-05,300620,51.93,52.86,54.78,51.93,193700,1033091260.0,5.3,-1.62,-0.87,8.04
2023-06-06,300620,52.0,49.85,53.85,49.3,226377,1163212688.0,8.61,-5.69,-3.01,9.39
2023-06-07,300620,49.4,54.58,54.68,49.4,347459,1834414822.0,10.59,9.49,4.73,14.42
2023-06-08,300620,52.9,54.06,57.39,51.17,323743,1766564188.0,11.4,-0.95,-0.52,13.43
2023-06-09,300620,52.93,53.38,54.9,50.7,290444,1540139804.0,7.77,-1.26,-0.68,12.05
2023-06-12,300620,52.75,56.08,57.6,52.32,309350,1733448577.0,9.89,5.06,2.7,12.8
2023-06-13,300620,54.7,55.61,56.9,52.8,261002,1432890391.0,7.31,-0.84,-0.47,10.8
2023-06-14,300620,55.18,57.38,62.12,54.92,399793,2342168290.0,12.95,3.18,1.77,16.54
2023-06-15,300620,57.3,54.5,60.78,54.47,359793,2078542916.0,11.0,-5.02,-2.88,14.89
2023-06-16,300620,53.51,65.42,65.42,52.9,383402,2294812903.0,22.97,20.04,10.92,15.87
2023-06-19,300620,70.66,72.09,76.08,67.12,478060,3360937857.0,13.7,10.2,6.67,19.78
2023-06-20,300620,70.17,73.6,73.62,67.26,405601,2835353781.0,8.82,2.09,1.51,16.78
2023-06-21,300620,71.1,67.57,71.88,67.57,298911,2078920865.0,5.86,-8.19,-6.03,12.37
2023-06-26,300620,65.9,70.45,72.18,65.48,332548,2305004178.0,9.92,4.26,2.88,13.76
2023-06-27,300620,68.9,63.89,69.4,62.71,302244,1958124995.0,9.5,-9.31,-6.56,12.51
2023-06-28,300620,61.95,56.8,62.68,54.36,304225,1754197270.0,13.02,-11.1,-7.09,12.59
2023-06-29,300620,56.16,58.5,59.77,56.16,239297,1389591525.0,6.36,2.99,1.7,9.9
2023-06-30,300620,56.66,61.18,63.61,56.2,287391,1743589986.0,12.67,4.58,2.68,11.9
2023-07-03,300620,61.17,62.4,63.4,59.13,226992,1393664900.0,6.98,1.99,1.22,9.4
2023-07-04,300620,60.78,62.42,64.45,60.59,235221,1483629806.0,6.19,0.03,0.02,9.74
2023-07-05,300620,61.66,62.38,64.06,59.63,224561,1392125990.0,7.1,-0.06,-0.04,9.3
2023-07-06,300620,61.23,67.15,70.4,60.7,370786,2501143224.0,15.55,7.65,4.77,15.36
2023-07-07,300620,65.9,68.54,71.77,64.25,335323,2284695390.0,11.2,2.07,1.39,13.89
2023-07-10,300620,67.6,66.87,69.2,65.18,220673,1480645322.0,5.87,-2.44,-1.67,9.14
2023-07-11,300620,66.4,64.69,67.52,63.25,227460,1478756230.0,6.39,-3.26,-2.18,9.42
2023-07-12,300620,63.82,56.9,64.38,56.8,302545,1805088342.0,11.72,-12.04,-7.79,12.53
2023-07-13,300620,57.88,58.49,59.56,55.21,261245,1500198646.0,7.64,2.79,1.59,10.82
2023-07-14,300620,58.75,58.1,60.75,58.1,212677,1265527311.0,4.53,-0.67,-0.39,8.81
2023-07-17,300620,56.94,56.77,59.49,56.16,155204,895079540.0,5.73,-2.29,-1.33,6.43
2023-07-18,300620,56.71,54.41,57.09,54.35,150112,832129684.0,4.83,-4.16,-2.36,6.22
2023-07-19,300620,54.0,53.11,54.91,53.08,94901,509855995.0,3.36,-2.39,-1.3,3.93
2023-07-20,300620,52.9,50.1,53.18,50.07,148068,757603359.0,5.86,-5.67,-3.01,6.13
2023-07-21,300620,50.22,48.73,50.6,48.27,114281,561341309.0,4.65,-2.73,-1.37,4.73
2023-07-24,300620,48.74,50.03,50.58,47.93,121059,602688897.0,5.44,2.67,1.3,5.01
2023-07-25,300620,50.54,51.41,52.24,49.26,158687,811171690.0,5.96,2.76,1.38,6.57
2023-07-26,300620,50.79,49.65,51.57,49.4,99941,502478298.0,4.22,-3.42,-1.76,4.14
2023-07-27,300620,49.9,48.84,50.27,48.71,71112,351504513.0,3.14,-1.63,-0.81,2.95
2023-07-28,300620,48.53,47.45,49.37,47.36,98482,473583988.0,4.12,-2.85,-1.39,4.08
2023-07-31,300620,46.39,47.26,48.37,46.2,89506,424635956.0,4.57,-0.4,-0.19,3.71
2023-08-01,300620,47.49,47.77,48.53,45.91,118672,562206209.0,5.54,1.08,0.51,4.91
2023-08-02,300620,47.15,47.89,48.38,46.88,82958,395788872.0,3.14,0.25,0.12,3.44
2023-08-03,300620,47.56,48.83,50.56,47.02,185711,914128875.0,7.39,1.96,0.94,7.69
2023-08-04,300620,47.91,50.55,50.75,46.98,202239,997457250.0,7.72,3.52,1.72,8.38
2023-08-07,300620,50.9,50.75,53.39,50.49,228891,1189342203.0,5.74,0.4,0.2,9.48
2023-08-08,300620,50.52,51.85,53.15,50.24,190525,993933272.0,5.73,2.17,1.1,7.89
2023-08-09,300620,50.9,46.6,50.9,46.36,212754,1028234704.0,8.76,-10.13,-5.25,8.81
2023-08-10,300620,45.1,45.42,47.0,45.1,106884,491887187.0,4.08,-2.53,-1.18,4.43
2023-08-11,300620,45.44,45.97,47.7,45.44,120711,565302462.0,4.98,1.21,0.55,5.0
2023-08-14,300620,44.95,46.35,46.48,44.5,100700,458441781.0,4.31,0.83,0.38,4.17
2023-08-15,300620,45.99,44.47,47.22,44.1,144801,659991841.0,6.73,-4.06,-1.88,6.0
2023-08-16,300620,44.75,42.92,44.89,42.76,121339,528064090.0,4.79,-3.49,-1.55,5.03
2023-08-17,300620,42.5,44.36,45.22,42.45,129862,572457057.0,6.45,3.36,1.44,5.38
2023-08-18,300620,44.37,42.22,44.75,42.22,82241,355801574.0,5.7,-4.82,-2.14,3.41
2023-08-21,300620,42.23,43.86,45.0,42.2,123703,544055223.0,6.63,3.88,1.64,5.12
2023-08-22,300620,44.58,44.63,44.88,42.7,119985,525007347.0,4.97,1.76,0.77,4.97
2023-08-23,300620,43.9,42.79,44.09,42.7,76771,331345091.0,3.11,-4.12,-1.84,3.18
2023-08-24,300620,43.71,42.53,43.88,42.41,96366,416342583.0,3.44,-0.61,-0.26,3.99
2023-08-25,300620,41.1,40.79,42.13,40.5,119241,492128384.0,3.83,-4.09,-1.74,4.94
2023-08-28,300620,43.19,40.87,43.58,40.75,100720,423356208.0,6.94,0.2,0.08,4.17
2023-08-29,300620,40.35,42.12,42.68,40.31,96584,404752949.0,5.8,3.06,1.25,4.0
2023-08-30,300620,42.2,43.33,43.85,41.66,115581,498094895.0,5.2,2.87,1.21,4.79
2023-08-31,300620,42.81,43.32,43.9,42.43,105751,460003858.0,3.39,-0.02,-0.01,4.38
2023-09-01,300620,43.31,42.43,43.73,42.22,68876,295398856.0,3.49,-2.05,-0.89,2.85
2023-09-04,300620,42.78,42.9,42.9,42.14,64265,274041166.0,1.79,1.11,0.47,2.66
2023-09-05,300620,42.62,42.6,43.12,42.1,64866,276720577.0,2.38,-0.7,-0.3,2.69
2023-09-06,300620,42.22,44.56,44.78,41.9,172516,757505647.0,6.76,4.6,1.96,7.14
2023-09-07,300620,44.09,42.04,44.18,41.91,142272,610676411.0,5.09,-5.66,-2.52,5.89
2023-09-08,300620,41.48,41.82,42.23,40.79,79212,329873876.0,3.43,-0.52,-0.22,3.28
2023-09-11,300620,41.67,47.59,50.2,41.67,343479,1604697591.0,20.4,13.8,5.77,14.23
2023-09-12,300620,46.96,51.7,55.65,46.6,443612,2230424403.0,19.02,8.64,4.11,18.37
2023-09-13,300620,50.86,49.63,51.19,48.9,277837,1384948709.0,4.43,-4.0,-2.07,11.51
2023-09-14,300620,49.9,49.6,51.78,48.59,251478,1266262482.0,6.43,-0.06,-0.03,10.42
2023-09-15,300620,48.93,47.0,50.09,46.6,190106,914697461.0,7.04,-5.24,-2.6,7.87
2023-09-18,300620,47.02,46.0,47.97,45.85,125654,588369359.0,4.51,-2.13,-1.0,5.2
2023-09-19,300620,45.9,44.79,46.11,43.4,125037,560119876.0,5.89,-2.63,-1.21,5.18
2023-09-20,300620,44.55,44.28,46.55,44.28,129675,589473720.0,5.07,-1.14,-0.51,5.37
2023-09-21,300620,43.5,43.6,45.25,43.46,112958,500750511.0,4.04,-1.54,-0.68,4.68
2023-09-22,300620,43.18,48.79,49.43,43.05,279957,1318284275.0,14.63,11.9,5.19,11.59
2023-09-25,300620,47.95,47.1,48.87,46.85,196153,940372133.0,4.14,-3.46,-1.69,8.1
2023-09-26,300620,47.09,47.24,49.08,46.86,189316,908173329.0,4.71,0.3,0.14,7.81
2023-09-27,300620,46.98,46.7,47.84,46.53,126875,599617559.0,2.77,-1.14,-0.54,5.24
2023-09-28,300620,46.83,48.69,49.83,46.83,188931,918619940.0,6.42,4.26,1.99,7.8
2023-10-09,300620,48.13,48.52,49.58,47.2,159369,776832901.0,4.89,-0.35,-0.17,6.58
2023-10-10,300620,48.87,50.95,51.75,48.11,219611,1105820550.0,7.5,5.01,2.43,9.07
2023-10-11,300620,50.1,51.06,51.2,49.0,160832,808070963.0,4.32,0.22,0.11,6.64
2023-10-12,300620,51.1,48.53,51.28,48.49,135508,670457615.0,5.46,-4.95,-2.53,5.6
2023-10-13,300620,48.01,47.7,50.09,47.61,123632,605494055.0,5.11,-1.71,-0.83,5.11
2023-10-16,300620,47.03,47.05,48.7,46.08,102621,486291862.0,5.49,-1.36,-0.65,4.24
2023-10-17,300620,46.81,45.08,47.2,44.03,116166,526952692.0,6.74,-4.19,-1.97,4.8
2023-10-18,300620,43.94,42.7,44.49,41.95,108688,467530110.0,5.63,-5.28,-2.38,4.49
2023-10-19,300620,42.38,42.82,43.5,42.38,77425,332834863.0,2.62,0.28,0.12,3.2
2023-10-20,300620,42.38,40.33,42.74,40.33,88121,364784614.0,5.63,-5.82,-2.49,3.64
2023-10-23,300620,40.05,37.68,40.46,37.22,105645,405523590.0,8.03,-6.57,-2.65,4.36
2023-10-24,300620,37.92,38.5,39.15,37.09,90587,349274602.0,5.47,2.18,0.82,3.74
2023-10-25,300620,38.1,37.98,39.25,37.45,92185,353301938.0,4.68,-1.35,-0.52,3.81
2023-10-26,300620,37.5,38.96,39.4,36.99,119797,463298777.0,6.35,2.58,0.98,4.95
2023-10-27,300620,38.6,39.07,39.44,38.5,90214,352713501.0,2.41,0.28,0.11,3.73
2023-10-30,300620,38.81,39.45,39.63,38.39,80682,316133137.0,3.17,0.97,0.38,3.33
2023-10-31,300620,39.5,38.5,39.52,38.07,72575,280950397.0,3.68,-2.41,-0.95,3.0
2023-11-01,300620,38.49,38.35,39.23,37.94,55519,214115618.0,3.35,-0.39,-0.15,2.29
2023-11-02,300620,38.95,37.34,39.34,37.34,67547,258659457.0,5.22,-2.63,-1.01,2.79
2023-11-03,300620,37.09,38.66,38.87,37.09,83672,322350802.0,4.77,3.54,1.32,3.46
2023-11-06,300620,38.94,40.14,40.39,38.94,94186,375496747.0,3.75,3.83,1.48,3.89
2023-11-07,300620,40.0,43.3,45.19,39.68,189506,796631937.0,13.73,7.87,3.16,7.83
2023-11-08,300620,42.7,42.83,43.55,41.95,125739,537562435.0,3.7,-1.09,-0.47,5.19
2023-11-09,300620,43.4,43.13,44.69,42.78,115602,505148036.0,4.46,0.7,0.3,4.77
2023-11-10,300620,42.41,42.7,43.82,42.3,67195,289577059.0,3.52,-1.0,-0.43,2.78
2023-11-13,300620,42.9,43.48,44.59,42.88,106077,466844149.0,4.0,1.83,0.78,4.38
2023-11-14,300620,43.88,46.9,47.2,43.4,209048,953256789.0,8.74,7.87,3.42,8.63
2023-11-15,300620,47.58,45.5,47.95,45.24,137127,633539158.0,5.78,-2.99,-1.4,5.66
2023-11-16,300620,44.89,43.78,45.35,43.78,100768,448437024.0,3.45,-3.78,-1.72,4.16
2023-11-17,300620,43.57,45.97,46.18,43.5,138617,622171162.0,6.12,5.0,2.19,5.72
2023-11-20,300620,45.38,44.88,45.78,44.66,102909,464582474.0,2.44,-2.37,-1.09,4.25
2023-11-21,300620,44.89,45.14,47.1,44.88,145758,673033337.0,4.95,0.58,0.26,6.02
2023-11-22,300620,44.7,43.24,45.05,43.21,102367,450871874.0,4.08,-4.21,-1.9,4.23
2023-11-23,300620,43.2,43.85,44.05,42.58,71117,309426492.0,3.4,1.41,0.61,2.94
2023-11-24,300620,43.95,42.49,43.95,42.26,53201,228248988.0,3.85,-3.1,-1.36,2.2
2023-11-27,300620,42.25,49.36,50.9,42.25,331113,1564628049.0,20.36,16.17,6.87,13.67
2023-11-28,300620,48.62,47.65,49.2,47.11,207300,996752955.0,4.23,-3.46,-1.71,8.56
2023-11-29,300620,47.31,48.37,50.34,46.45,234606,1144583005.0,8.16,1.51,0.72,9.69
2023-11-30,300620,48.37,50.1,51.18,48.21,274930,1372129572.0,6.14,3.58,1.73,11.35
2023-12-01,300620,49.1,51.6,52.68,47.4,295949,1496195555.0,10.54,2.99,1.5,12.22
2023-12-04,300620,51.08,50.62,52.5,50.1,204947,1050069043.0,4.65,-1.9,-0.98,8.46
2023-12-05,300620,50.0,49.47,52.95,49.3,206630,1063428698.0,7.21,-2.27,-1.15,8.53
2023-12-06,300620,49.0,48.05,50.44,47.8,159322,779351663.0,5.34,-2.87,-1.42,6.58
2023-12-07,300620,47.95,49.82,51.15,47.32,188119,931737526.0,7.97,3.68,1.77,7.77
2023-12-08,300620,49.82,52.72,54.18,49.82,289222,1509811720.0,8.75,5.82,2.9,11.94
2023-12-11,300620,51.09,51.36,51.59,49.1,210733,1070184251.0,4.72,-2.58,-1.36,8.7
2023-12-12,300620,50.91,49.74,51.18,49.02,138894,695927217.0,4.21,-3.15,-1.62,5.74
2023-12-13,300620,50.14,50.74,52.48,49.71,173528,891341994.0,5.57,2.01,1.0,7.17
2023-12-14,300620,50.9,49.25,51.4,49.1,125718,632419499.0,4.53,-2.94,-1.49,5.19
2023-12-15,300620,49.18,47.2,49.5,46.48,130484,619701437.0,6.13,-4.16,-2.05,5.39
2023-12-18,300620,47.08,47.5,48.4,46.75,85396,407847162.0,3.5,0.64,0.3,3.53
2023-12-19,300620,47.67,47.3,47.89,46.3,63084,297773765.0,3.35,-0.42,-0.2,2.61
2023-12-20,300620,47.64,44.24,47.65,44.2,109399,495229593.0,7.29,-6.47,-3.06,4.52
2023-12-21,300620,43.87,45.34,46.25,43.32,87301,391060598.0,6.62,2.49,1.1,3.61
2023-12-22,300620,44.94,43.96,45.53,43.7,79383,354128525.0,4.04,-3.04,-1.38,3.28
2023-12-25,300620,44.46,43.73,44.69,42.7,51133,224135702.0,4.53,-0.52,-0.23,2.11
2023-12-26,300620,43.45,42.39,43.68,42.13,58363,249028616.0,3.54,-3.06,-1.34,2.41
2023-12-27,300620,42.6,42.8,43.16,42.4,47990,205749278.0,1.79,0.97,0.41,1.98
2023-12-28,300620,42.52,43.84,44.37,42.34,76627,333850968.0,4.74,2.43,1.04,3.16
2023-12-29,300620,43.61,45.2,45.74,43.61,91797,415016948.0,4.86,3.1,1.36,3.79
2024-01-02,300620,45.0,44.18,45.63,44.15,66036,295662502.0,3.27,-2.26,-1.02,2.73
2024-01-03,300620,43.97,44.1,45.45,43.54,63698,282874871.0,4.32,-0.18,-0.08,2.63
2024-01-04,300620,44.25,43.89,44.62,43.33,55054,242761813.0,2.93,-0.48,-0.21,2.27
2024-01-05,300620,43.55,41.33,43.55,41.08,76716,323382383.0,5.63,-5.83,-2.56,3.17
2024-01-08,300620,41.08,40.63,41.86,40.6,45324,186632032.0,3.05,-1.69,-0.7,1.87
2024-01-09,300620,41.3,40.89,41.78,40.6,46035,190279814.0,2.9,0.64,0.26,1.9
2024-01-10,300620,40.86,40.08,41.28,39.98,38237,155060962.0,3.18,-1.98,-0.81,1.58
2024-01-11,300620,39.91,41.57,41.84,39.91,54839,226402449.0,4.82,3.72,1.49,2.26
2024-01-12,300620,41.3,40.74,41.71,40.73,36208,149077590.0,2.36,-2.0,-0.83,1.5
2024-01-15,300620,40.6,41.06,41.45,40.42,32935,135607926.0,2.53,0.79,0.32,1.36
2024-01-16,300620,40.9,39.83,41.49,39.37,59835,239694898.0,5.16,-3.0,-1.23,2.47
2024-01-17,300620,39.84,39.0,40.28,39.0,48363,192944502.0,3.21,-2.08,-0.83,2.0
2024-01-18,300620,38.81,40.62,40.9,38.17,110357,439589778.0,7.0,4.15,1.62,4.56
2024-01-19,300620,40.62,39.31,41.46,39.31,88894,360819870.0,5.29,-3.23,-1.31,3.67
2024-01-22,300620,40.3,40.68,42.49,39.9,167230,688981102.0,6.59,3.49,1.37,6.91
2024-01-23,300620,40.0,42.98,43.33,40.0,177096,753074027.0,8.19,5.65,2.3,7.31
2024-01-24,300620,42.47,45.38,45.9,42.11,205487,895574361.0,8.82,5.58,2.4,8.49
2024-01-25,300620,44.4,45.36,45.9,43.72,188550,850994106.0,4.8,-0.04,-0.02,7.79
2024-01-26,300620,44.7,43.02,45.33,42.65,130407,575797170.0,5.91,-5.16,-2.34,5.39
2024-01-29,300620,42.67,37.6,42.67,37.59,124516,492723667.0,11.81,-12.6,-5.42,5.14
2024-01-30,300620,36.9,35.23,38.55,34.8,101324,371144876.0,9.97,-6.3,-2.37,4.18
2024-01-31,300620,35.36,34.49,36.33,34.25,93043,328836844.0,5.9,-2.1,-0.74,3.84
2024-02-01,300620,33.98,35.48,36.86,33.2,116670,415318459.0,10.61,2.87,0.99,4.82
2024-02-02,300620,34.9,33.62,36.37,32.19,106637,367189660.0,11.78,-5.24,-1.86,4.4
2024-02-05,300620,33.64,30.92,33.64,29.9,97631,310793497.0,11.12,-8.03,-2.7,4.03
2024-02-06,300620,30.72,37.12,37.12,30.48,211501,745760482.0,21.47,20.05,6.2,8.73
2024-02-07,300620,37.04,37.44,38.55,36.7,194077,733184381.0,4.98,0.86,0.32,8.02
2024-02-08,300620,37.56,37.96,40.16,37.52,179418,692209448.0,7.05,1.39,0.52,7.41
2024-02-19,300620,39.54,43.61,44.82,38.55,242702,998180118.0,16.52,14.88,5.65,10.02
2024-02-20,300620,41.91,42.38,43.4,41.04,186344,787639126.0,5.41,-2.82,-1.23,7.7
2024-02-21,300620,40.87,41.34,42.78,40.72,143872,601718891.0,4.86,-2.45,-1.04,5.94
2024-02-22,300620,42.7,43.0,43.78,41.9,193727,833037374.0,4.55,4.02,1.66,8.0
2024-02-23,300620,43.94,43.12,45.3,42.51,211851,929932052.0,6.49,0.28,0.12,8.75
2024-02-26,300620,42.2,43.6,44.9,41.91,177731,777419580.0,6.93,1.11,0.48,7.34
2024-02-27,300620,42.95,45.49,45.87,42.7,224132,1001208091.0,7.27,4.33,1.89,9.26
2024-02-28,300620,45.0,41.11,45.75,40.93,216829,955393184.0,10.6,-9.63,-4.38,8.96
2024-02-29,300620,40.67,43.2,43.77,40.67,149249,639455917.0,7.54,5.08,2.09,6.16
2024-03-01,300620,43.58,46.3,47.1,43.58,256308,1176057804.0,8.15,7.18,3.1,10.59
2024-03-04,300620,48.38,47.43,48.8,45.9,267363,1267858603.0,6.26,2.44,1.13,11.04
2024-03-05,300620,47.3,50.67,55.79,46.92,419931,2163256214.0,18.7,6.83,3.24,17.34
2024-03-06,300620,50.91,50.51,51.64,48.6,280282,1404297654.0,6.0,-0.32,-0.16,11.58
2024-03-07,300620,49.56,47.92,51.25,47.89,227154,1124796514.0,6.65,-5.13,-2.59,9.38
2024-03-08,300620,49.4,50.34,50.75,47.99,230010,1139565633.0,5.76,5.05,2.42,9.5
2024-03-11,300620,48.4,50.99,51.26,47.78,200607,987507426.0,6.91,1.29,0.65,8.29
2024-03-12,300620,50.38,49.68,51.61,48.85,179316,900990755.0,5.41,-2.57,-1.31,7.41
2024-03-13,300620,50.51,48.7,50.78,48.57,158069,785692191.0,4.45,-1.97,-0.98,6.53
2024-03-14,300620,47.5,48.17,49.67,47.23,135797,657374823.0,5.01,-1.09,-0.53,5.61
2024-03-15,300620,47.75,50.93,51.69,47.2,236075,1176815405.0,9.32,5.73,2.76,9.75
2024-03-18,300620,50.79,53.84,55.52,50.25,298140,1565527071.0,10.35,5.71,2.91,12.31
2024-03-19,300620,52.79,57.47,61.56,51.79,382552,2140787445.0,18.15,6.74,3.63,15.8
2024-03-20,300620,57.33,56.3,58.79,55.1,251114,1436087108.0,6.42,-2.04,-1.17,10.37
2024-03-21,300620,55.4,57.16,60.44,55.09,271817,1583990682.0,9.5,1.53,0.86,11.23
2024-03-22,300620,56.22,57.79,58.9,55.6,221264,1270471243.0,5.77,1.1,0.63,9.14
2024-03-25,300620,56.46,56.15,60.4,55.4,207350,1206765089.0,8.65,-2.84,-1.64,8.56
2024-03-26,300620,55.55,51.81,57.68,48.9,254649,1380708566.0,15.64,-7.73,-4.34,10.52
2024-03-27,300620,51.81,48.52,52.45,48.42,189152,944694132.0,7.78,-6.35,-3.29,7.81
2024-03-28,300620,48.94,49.42,50.88,48.08,155258,771302170.0,5.77,1.85,0.9,6.41
2024-03-29,300620,49.1,49.25,50.39,47.89,112019,550178252.0,5.06,-0.34,-0.17,4.63
2024-04-01,300620,49.89,50.64,51.78,49.45,135251,684776636.0,4.73,2.82,1.39,5.59
2024-04-02,300620,49.95,48.41,50.4,47.8,134767,659875965.0,5.13,-4.4,-2.23,5.57
2024-04-03,300620,47.6,45.88,48.1,45.71,112178,521832281.0,4.94,-5.23,-2.53,4.63
2024-04-08,300620,45.23,46.35,47.54,45.23,99271,464532319.0,5.03,1.02,0.47,4.09
2024-04-09,300620,46.05,45.12,46.87,44.5,97634,441935955.0,5.11,-2.65,-1.23,4.03
2024-04-10,300620,44.9,43.39,45.0,42.94,83773,366322905.0,4.57,-3.83,-1.73,3.45
2024-04-11,300620,43.39,43.28,44.45,43.12,77926,341647540.0,3.07,-0.25,-0.11,3.21
2024-04-12,300620,43.75,44.33,45.35,43.67,122192,544352786.0,3.88,2.43,1.05,5.04
2024-04-15,300620,43.75,42.86,44.9,41.9,109891,478419886.0,6.77,-3.32,-1.47,4.53
2024-04-16,300620,42.35,39.94,43.07,39.94,101851,417561817.0,7.3,-6.81,-2.92,4.2
2024-04-17,300620,40.8,43.38,43.39,40.76,111641,474520479.0,6.58,8.61,3.44,4.6
2024-04-18,300620,42.73,42.95,44.37,41.75,113991,490784621.0,6.04,-0.99,-0.43,4.7
2024-04-19,300620,42.69,42.29,43.38,41.49,79612,338200833.0,4.4,-1.54,-0.66,3.28
2024-04-22,300620,39.91,40.65,41.0,38.5,84350,338059159.0,5.91,-3.88,-1.64,3.48
2024-04-23,300620,41.22,41.22,41.69,40.38,65829,270354859.0,3.22,1.4,0.57,2.71
2024-04-24,300620,41.58,42.45,42.8,40.14,110972,465495196.0,6.45,2.98,1.23,4.58
2024-04-25,300620,41.7,42.03,42.7,41.64,67069,283298558.0,2.5,-0.99,-0.42,2.77
2024-04-26,300620,42.81,44.85,45.65,42.51,157766,699551308.0,7.47,6.71,2.82,6.51
2024-04-29,300620,46.1,46.52,47.35,45.5,145355,677218971.0,4.12,3.72,1.67,5.99
2024-04-30,300620,46.69,45.56,47.36,45.4,92594,429113772.0,4.21,-2.06,-0.96,3.82
2024-05-06,300620,46.43,45.55,46.76,45.41,74868,344180280.0,2.96,-0.02,-0.01,3.09
2024-05-07,300620,45.78,44.59,46.37,43.98,89553,403605464.0,5.25,-2.11,-0.96,3.69
2024-05-08,300620,44.34,43.01,44.38,42.85,67804,295351133.0,3.43,-3.54,-1.58,2.8
2024-05-09,300620,43.13,42.98,43.38,42.28,65972,283363836.0,2.56,-0.07,-0.03,2.72
2024-05-10,300620,43.48,42.0,43.83,41.4,73021,310319055.0,5.65,-2.28,-0.98,3.01
2024-05-13,300620,41.27,41.65,42.24,40.78,56599,236594784.0,3.48,-0.83,-0.35,2.33
2024-05-14,300620,41.72,41.99,42.74,41.45,51790,218176694.0,3.1,0.82,0.34,2.14
2024-05-15,300620,41.9,41.27,42.51,41.21,44498,186610582.0,3.1,-1.71,-0.72,1.83
2024-05-16,300620,41.71,41.9,42.78,41.68,75116,317252621.0,2.67,1.53,0.63,3.1
2024-05-17,300620,41.59,42.23,42.42,41.0,59313,247974655.0,3.39,0.79,0.33,2.45
2024-05-20,300620,42.0,43.58,43.59,41.6,88965,381634964.0,4.71,3.2,1.35,3.67
2024-05-21,300620,43.3,42.77,43.58,42.65,59217,254965761.0,2.13,-1.86,-0.81,2.44
2024-05-22,300620,43.28,42.63,43.36,42.11,47162,200963907.0,2.92,-0.33,-0.14,1.94
2024-05-23,300620,42.85,40.84,43.05,40.66,81309,335836824.0,5.61,-4.2,-1.79,3.35
2024-05-24,300620,40.88,39.81,41.8,39.74,66811,271900129.0,5.04,-2.52,-1.03,2.75
2024-05-27,300620,39.86,40.09,40.4,39.02,47177,186656090.0,3.47,0.7,0.28,1.95
2024-05-28,300620,39.8,38.94,40.41,38.89,51646,203839897.0,3.79,-2.87,-1.15,2.13
2024-05-29,300620,39.3,38.63,39.49,38.46,42464,164993724.0,2.65,-0.8,-0.31,1.75
2024-05-30,300620,38.5,38.67,39.1,37.72,34843,134767593.0,3.57,0.1,0.04,1.44
2024-05-31,300620,38.74,39.12,39.97,38.57,46963,184711732.0,3.62,1.16,0.45,1.94
2024-06-03,300620,39.32,39.52,40.3,39.08,67734,268437984.0,3.12,1.02,0.4,2.79
2024-06-04,300620,39.46,39.32,39.51,38.54,45189,176294457.0,2.45,-0.51,-0.2,1.86
2024-06-05,300620,39.15,38.61,39.65,38.59,35595,139505892.0,2.7,-1.81,-0.71,1.47
2024-06-06,300620,38.92,37.53,39.35,37.45,63558,244164847.0,4.92,-2.8,-1.08,2.62
2024-06-07,300620,37.62,37.5,38.08,36.72,46017,171916578.0,3.62,-0.08,-0.03,1.9
2024-06-11,300620,36.97,38.35,38.38,36.6,37132,140178455.0,4.75,2.27,0.85,1.53
2024-06-12,300620,38.25,38.48,39.05,38.17,35735,138076301.0,2.29,0.34,0.13,1.47
2024-06-13,300620,38.56,38.78,39.43,38.54,45850,178588236.0,2.31,0.78,0.3,1.89
2024-06-14,300620,38.66,40.38,40.89,38.35,119686,479855332.0,6.55,4.13,1.6,4.94
2024-06-17,300620,39.9,40.33,40.8,39.78,79187,319499301.0,2.53,-0.12,-0.05,3.27
2024-06-18,300620,40.1,40.99,42.0,40.1,87408,359940625.0,4.71,1.64,0.66,3.6
2024-06-19,300620,41.01,40.31,41.22,40.3,57596,233831219.0,2.24,-1.66,-0.68,2.38
2024-06-20,300620,40.3,39.0,40.8,38.88,55249,219378389.0,4.76,-3.25,-1.31,2.28
2024-06-21,300620,38.65,38.75,39.9,37.89,51726,200831280.0,5.15,-0.64,-0.25,2.13
2024-06-24,300620,38.51,36.56,38.84,36.45,55962,210052235.0,6.17,-5.65,-2.19,2.31
2024-06-25,300620,36.66,35.5,36.78,35.0,57717,205608388.0,4.87,-2.9,-1.06,2.38
2024-06-26,300620,35.9,37.1,37.16,35.4,48556,176314047.0,4.96,4.51,1.6,2.0
2024-06-27,300620,37.09,36.5,37.48,36.4,41796,154369929.0,2.91,-1.62,-0.6,1.72
2024-06-28,300620,36.36,36.78,37.78,36.36,42283,157143763.0,3.89,0.77,0.28,1.74
2024-07-01,300620,36.98,37.1,37.47,36.1,39879,146677577.0,3.72,0.87,0.32,1.64
2024-07-02,300620,37.09,36.54,37.29,36.37,34406,126581191.0,2.48,-1.51,-0.56,1.42
2024-07-03,300620,36.3,35.91,36.6,35.55,29480,106133766.0,2.87,-1.72,-0.63,1.22
2024-07-04,300620,36.17,35.0,36.49,34.88,35377,126063693.0,4.48,-2.53,-0.91,1.46
2024-07-05,300620,35.05,35.27,35.45,34.45,28861,101188938.0,2.86,0.77,0.27,1.19
2024-07-08,300620,35.1,34.3,35.4,34.1,32488,112555726.0,3.69,-2.75,-0.97,1.34
2024-07-09,300620,34.28,36.43,36.49,34.07,55430,196292505.0,7.06,6.21,2.13,2.29
2024-07-10,300620,36.27,36.42,36.78,36.1,37384,136333021.0,1.87,-0.03,-0.01,1.54
2024-07-11,300620,37.08,36.96,37.3,36.44,46340,170992297.0,2.36,1.48,0.54,1.91
2024-07-12,300620,36.6,36.72,36.93,36.23,32299,118020653.0,1.89,-0.65,-0.24,1.33
2024-07-15,300620,36.85,36.03,36.85,35.9,26595,96477145.0,2.59,-1.88,-0.69,1.1
2024-07-16,300620,36.13,36.43,36.47,35.3,38985,140207892.0,3.25,1.11,0.4,1.61
2024-07-17,300620,36.47,35.3,36.47,35.3,28800,103145965.0,3.21,-3.1,-1.13,1.19
2024-07-18,300620,35.28,34.49,35.28,33.56,40521,138492460.0,4.87,-2.29,-0.81,1.67
2024-07-19,300620,34.31,34.62,35.09,34.12,26777,93051195.0,2.81,0.38,0.13,1.1
2024-07-22,300620,34.55,34.58,35.27,34.5,25170,87622110.0,2.22,-0.12,-0.04,1.04
2024-07-23,300620,34.57,32.95,34.88,32.94,35988,121363483.0,5.61,-4.71,-1.63,1.48
2024-07-24,300620,32.8,32.76,34.09,32.71,35137,117082300.0,4.19,-0.58,-0.19,1.45
2024-07-25,300620,32.53,32.21,32.78,31.8,32585,105089716.0,2.99,-1.68,-0.55,1.34
2024-07-26,300620,32.35,32.81,33.28,32.06,29082,95337334.0,3.79,1.86,0.6,1.2
2024-07-29,300620,32.8,33.14,33.67,32.52,30442,100859936.0,3.51,1.01,0.33,1.26
2024-07-30,300620,33.01,33.38,33.6,32.58,31518,104482340.0,3.08,0.72,0.24,1.3
2024-07-31,300620,33.3,34.63,34.63,33.3,49634,169857100.0,3.98,3.74,1.25,2.05
2024-08-01,300620,34.9,34.49,35.18,34.38,41243,143336534.0,2.31,-0.4,-0.14,1.7
2024-08-02,300620,34.03,33.45,34.69,33.39,31779,107958737.0,3.77,-3.02,-1.04,1.31
2024-08-05,300620,33.18,31.31,33.54,31.3,48776,157839575.0,6.7,-6.4,-2.14,2.01
2024-08-06,300620,31.85,32.06,32.38,31.49,32443,103273433.0,2.84,2.4,0.75,1.34
2024-08-07,300620,32.5,32.89,33.65,32.35,52199,171924518.0,4.05,2.59,0.83,2.15
2024-08-08,300620,32.8,32.91,34.49,32.6,77293,258897139.0,5.75,0.06,0.02,3.19
2024-08-09,300620,33.03,32.07,33.43,32.07,50775,165236107.0,4.13,-2.55,-0.84,2.09
2024-08-12,300620,31.69,31.75,32.31,31.51,26866,85398632.0,2.49,-1.0,-0.32,1.11
2024-08-13,300620,31.78,32.07,32.23,31.57,19916,63578500.0,2.08,1.01,0.32,0.82
2024-08-14,300620,32.32,31.77,32.35,31.7,18663,59575709.0,2.03,-0.94,-0.3,0.77
2024-08-15,300620,31.6,32.41,32.78,31.51,35830,115861579.0,4.0,2.01,0.64,1.48
2024-08-16,300620,32.69,33.07,33.38,32.52,47844,158196842.0,2.65,2.04,0.66,1.97
2024-08-19,300620,32.8,32.68,33.71,32.6,35109,116180917.0,3.36,-1.18,-0.39,1.45
2024-08-20,300620,33.35,33.16,35.0,33.08,90755,307756263.0,5.88,1.47,0.48,3.74
2024-08-21,300620,32.89,33.8,34.77,32.89,80310,273587232.0,5.67,1.93,0.64,3.31
2024-08-22,300620,33.82,34.12,34.69,33.3,78229,266125205.0,4.11,0.95,0.32,3.23
2024-08-23,300620,33.59,33.97,34.36,33.59,53547,181988713.0,2.26,-0.44,-0.15,2.21
2024-08-26,300620,33.5,33.32,33.89,32.98,49867,166572104.0,2.68,-1.91,-0.65,2.06
2024-08-27,300620,33.15,32.48,33.15,32.41,38216,124847346.0,2.22,-2.52,-0.84,1.58
2024-08-28,300620,32.48,32.19,33.03,31.93,28728,92909294.0,3.39,-0.89,-0.29,1.19
2024-08-29,300620,32.0,33.01,33.46,31.55,42728,139527011.0,5.93,2.55,0.82,1.76
2024-08-30,300620,33.02,33.7,34.17,32.97,46062,155706221.0,3.64,2.09,0.69,1.9
2024-09-02,300620,33.71,32.47,33.93,32.46,34166,113210772.0,4.36,-3.65,-1.23,1.41
2024-09-03,300620,32.46,32.87,33.19,32.42,22833,74870361.0,2.37,1.23,0.4,0.94
2024-09-04,300620,32.5,32.38,32.79,32.08,25532,82777109.0,2.16,-1.49,-0.49,1.05
2024-09-05,300620,32.39,32.56,33.09,32.14,22915,74789285.0,2.93,0.56,0.18,0.95
2024-09-06,300620,32.68,31.51,32.87,31.51,33159,105681176.0,4.18,-3.22,-1.05,1.37
2024-09-09,300620,31.3,31.14,31.51,30.83,26930,83741936.0,2.16,-1.17,-0.37,1.11
2024-09-10,300620,31.3,32.84,33.27,30.87,64214,206530512.0,7.71,5.46,1.7,2.65
2024-09-11,300620,32.44,33.1,33.1,32.44,42276,138690918.0,2.01,0.79,0.26,1.74
2024-09-12,300620,33.34,32.62,33.55,32.56,34820,114974741.0,2.99,-1.45,-0.48,1.44
2024-09-13,300620,33.22,32.01,33.37,32.01,46565,151755233.0,4.17,-1.87,-0.61,1.92
2024-09-18,300620,31.99,31.42,32.09,31.18,25446,80291359.0,2.84,-1.84,-0.59,1.05
2024-09-19,300620,31.7,31.65,32.0,31.01,38947,122783026.0,3.15,0.73,0.23,1.61
2024-09-20,300620,32.28,31.04,32.35,30.91,42609,132883885.0,4.55,-1.93,-0.61,1.76
2024-09-23,300620,31.0,31.13,31.65,30.6,36092,112869549.0,3.38,0.29,0.09,1.49
2024-09-24,300620,31.22,32.79,32.85,30.97,66008,211301203.0,6.04,5.33,1.66,2.72
2024-09-25,300620,32.99,33.11,33.97,32.8,68314,228283063.0,3.57,0.98,0.32,2.82
2024-09-26,300620,33.11,34.4,34.4,32.98,63353,213407486.0,4.29,3.9,1.29,2.57
2024-09-27,300620,35.44,36.44,37.0,34.6,101588,363240708.0,6.98,5.93,2.04,4.11
2024-09-30,300620,38.0,42.16,42.5,37.4,169894,683838582.0,14.0,15.7,5.72,6.88
2024-10-08,300620,50.0,50.11,50.11,43.77,235039,1120092280.0,15.04,18.86,7.95,9.52
2024-10-09,300620,47.63,43.47,48.32,42.68,171192,785665232.0,11.26,-13.25,-6.64,6.93
2024-10-10,300620,43.78,42.56,45.28,42.37,109309,476318722.0,6.69,-2.09,-0.91,4.43
2024-10-11,300620,42.03,39.6,42.74,38.8,89750,363631574.0,9.26,-6.95,-2.96,3.63
2024-10-14,300620,39.75,41.4,41.4,39.28,84418,341911511.0,5.35,4.55,1.8,3.42
2024-10-15,300620,41.3,40.74,42.94,40.67,96963,405529589.0,5.48,-1.59,-0.66,3.93
2024-10-16,300620,39.8,39.92,40.84,39.57,57003,228968691.0,3.12,-2.01,-0.82,2.31
2024-10-17,300620,40.19,40.29,41.35,40.19,66180,269831751.0,2.91,0.93,0.37,2.68
2024-10-18,300620,40.29,42.93,44.28,40.12,141356,598326128.0,10.33,6.55,2.64,5.72
2024-10-21,300620,43.51,45.47,46.58,43.19,176367,792742586.0,7.9,5.92,2.54,7.14
2024-10-22,300620,54.55,48.99,54.56,48.25,386637,1989301699.0,13.88,7.74,3.52,15.66
2024-10-23,300620,46.51,51.78,56.19,46.5,372205,1943649264.0,19.78,5.7,2.79,15.07
2024-10-24,300620,50.01,51.19,55.0,48.02,305397,1568364719.0,13.48,-1.14,-0.59,12.37
2024-10-25,300620,50.8,56.49,59.38,50.8,392914,2162500196.0,16.76,10.35,5.3,15.91
2024-10-28,300620,56.0,54.76,56.99,53.81,284747,1563905494.0,5.63,-3.06,-1.73,11.53
2024-10-29,300620,53.99,51.15,54.02,51.15,253554,1326425871.0,5.24,-6.59,-3.61,10.27
2024-10-30,300620,50.78,51.35,53.15,50.68,192112,997463061.0,4.83,0.39,0.2,7.78
2024-10-31,300620,50.65,51.17,52.78,50.16,177079,910881023.0,5.1,-0.35,-0.18,7.17
2024-11-01,300620,51.0,48.0,51.0,47.77,161305,790733250.0,6.31,-6.2,-3.17,6.53
2024-11-04,300620,48.3,49.29,49.97,48.3,86424,425776217.0,3.48,2.69,1.29,3.5
2024-11-05,300620,49.48,51.43,51.72,48.7,150072,761979552.0,6.13,4.34,2.14,6.08
2024-11-06,300620,52.0,50.78,52.26,50.4,150885,776548460.0,3.62,-1.26,-0.65,6.11
2024-11-07,300620,50.15,51.32,52.11,49.98,119716,612196541.0,4.19,1.06,0.54,4.85
2024-11-08,300620,52.0,51.64,53.83,51.34,169605,890816032.0,4.85,0.62,0.32,6.87
2024-11-11,300620,51.98,53.79,54.3,51.3,197926,1049373189.0,5.81,4.16,2.15,8.02
2024-11-12,300620,53.5,52.47,54.19,51.58,131205,692181369.0,4.85,-2.45,-1.32,5.31
2024-11-13,300620,51.96,52.68,53.34,51.35,108698,568855038.0,3.79,0.4,0.21,4.4
2024-11-14,300620,52.16,50.38,53.2,50.26,82664,426286154.0,5.58,-4.37,-2.3,3.35
2024-11-15,300620,50.3,48.51,51.18,48.5,87191,435152388.0,5.32,-3.71,-1.87,3.53
2024-11-18,300620,48.5,46.31,48.5,45.8,87404,408853205.0,5.57,-4.54,-2.2,3.54
2024-11-19,300620,46.47,47.77,47.78,45.9,58526,274862794.0,4.06,3.15,1.46,2.37
2024-11-20,300620,47.81,47.95,48.44,47.06,55779,267090741.0,2.89,0.38,0.18,2.26
2024-11-21,300620,47.59,47.63,48.18,46.85,49732,237008518.0,2.77,-0.67,-0.32,2.01
2024-11-22,300620,47.48,44.96,48.15,44.87,71608,332726198.0,6.89,-5.61,-2.67,2.9
2024-11-25,300620,45.0,45.16,45.88,44.01,48540,216944735.0,4.16,0.44,0.2,1.97
2024-11-26,300620,45.74,47.02,49.0,45.38,153498,726091759.0,8.02,4.12,1.86,6.22
2024-11-27,300620,46.99,50.55,50.6,44.89,211769,1019339775.0,12.14,7.51,3.53,8.58
2024-11-28,300620,49.81,49.08,51.56,49.0,136368,683626919.0,5.06,-2.91,-1.47,5.52
2024-11-29,300620,48.77,49.75,50.51,48.35,101202,500046209.0,4.4,1.37,0.67,4.1
2024-12-02,300620,49.8,49.82,50.18,49.3,90563,450934465.0,1.77,0.14,0.07,3.67
2024-12-03,300620,49.59,48.52,49.98,47.72,101113,491699577.0,4.54,-2.61,-1.3,4.1
2024-12-04,300620,48.1,47.69,49.07,47.23,64116,308022664.0,3.79,-1.71,-0.83,2.6
2024-12-05,300620,47.71,47.57,48.96,47.28,63696,305609634.0,3.52,-0.25,-0.12,2.58
2024-12-06,300620,47.59,47.61,48.46,46.86,70448,335670677.0,3.36,0.08,0.04,2.85
2024-12-09,300620,47.61,46.68,47.61,46.01,53187,248009642.0,3.36,-1.95,-0.93,2.15
2024-12-10,300620,48.1,46.54,48.35,46.46,75952,359503732.0,4.05,-0.3,-0.14,3.08
2024-12-11,300620,47.09,48.23,49.48,46.86,122129,587677378.0,5.63,3.63,1.69,4.95
2024-12-12,300620,48.33,48.67,49.5,48.31,117430,574102380.0,2.47,0.91,0.44,4.76
2024-12-13,300620,47.93,47.26,48.99,47.18,85642,409012192.0,3.72,-2.9,-1.41,3.47
2024-12-16,300620,47.07,47.63,48.34,46.52,80859,384465591.0,3.85,0.78,0.37,3.27
2024-12-17,300620,47.34,46.18,48.8,46.06,89579,423463411.0,5.75,-3.04,-1.45,3.63
2024-12-18,300620,47.78,47.58,48.41,46.23,104168,494373979.0,4.72,3.03,1.4,4.22
2024-12-19,300620,46.53,50.43,51.7,46.53,229329,1147692602.0,10.87,5.99,2.85,9.29
2024-12-20,300620,48.91,50.6,51.17,48.71,179074,898177669.0,4.88,0.34,0.17,7.25
2024-12-23,300620,50.29,48.71,51.19,48.55,112938,561395958.0,5.22,-3.74,-1.89,4.57
2024-12-24,300620,48.97,48.1,49.22,47.0,93620,448413571.0,4.56,-1.25,-0.61,3.79
2024-12-25,300620,47.64,46.71,48.4,46.17,84683,398249695.0,4.64,-2.89,-1.39,3.43
2024-12-26,300620,46.71,50.19,50.34,46.43,176495,872496130.0,8.37,7.45,3.48,7.15
2024-12-27,300620,50.08,49.43,50.49,49.08,114058,568815805.0,2.81,-1.51,-0.76,4.62
2024-12-30,300620,49.79,50.52,51.44,48.22,150971,755307848.0,6.51,2.21,1.09,6.11
2024-12-31,300620,50.98,48.6,51.96,48.6,145955,731401519.0,6.65,-3.8,-1.92,5.91
2025-01-02,300620,48.12,49.55,52.45,46.74,190011,945089899.0,11.75,1.95,0.95,7.7
2025-01-03,300620,49.55,43.86,49.88,43.6,184224,844059940.0,12.67,-11.48,-5.69,7.46
2025-01-06,300620,43.07,43.19,44.85,42.32,90130,389844378.0,5.77,-1.53,-0.67,3.65
2025-01-07,300620,43.49,47.28,47.3,43.17,169689,773175287.0,9.56,9.47,4.09,6.87
2025-01-08,300620,47.36,47.39,47.95,45.25,127719,594165613.0,5.71,0.23,0.11,5.17
2025-01-09,300620,46.92,46.45,47.8,46.16,85578,401230571.0,3.46,-1.98,-0.94,3.47
2025-01-10,300620,46.02,43.66,46.58,43.66,94225,425134729.0,6.29,-6.01,-2.79,3.82
2025-01-13,300620,43.12,43.82,44.44,42.39,76259,332444203.0,4.7,0.37,0.16,3.09
2025-01-14,300620,44.0,47.19,47.29,43.33,121789,559733426.0,9.04,7.69,3.37,4.93
2025-01-15,300620,47.12,46.32,47.44,46.13,71813,334412279.0,2.78,-1.84,-0.87,2.91
2025-01-16,300620,46.95,48.55,49.45,46.4,189014,908345029.0,6.58,4.81,2.23,7.66
2025-01-17,300620,48.2,49.46,51.0,47.57,178500,875176220.0,7.06,1.87,0.91,7.23
2025-01-20,300620,49.36,49.16,50.21,48.83,119689,590632155.0,2.79,-0.61,-0.3,4.85
2025-01-21,300620,49.7,50.26,50.28,48.7,139945,694188706.0,3.21,2.24,1.1,5.67
2025-01-22,300620,49.74,50.44,51.8,49.6,161851,821927313.0,4.38,0.36,0.18,6.56
2025-01-23,300620,50.88,49.65,52.6,49.6,171789,874278664.0,5.95,-1.57,-0.79,6.96
2025-01-24,300620,49.61,51.12,51.65,49.61,144352,734116681.0,4.11,2.96,1.47,5.85
2025-01-27,300620,50.21,47.16,50.35,47.16,145562,704851846.0,6.24,-7.75,-3.96,5.9
2025-02-05,300620,47.01,47.15,47.61,44.81,119619,553983538.0,5.94,-0.02,-0.01,4.85
2025-02-06,300620,46.55,48.71,48.88,46.5,111570,535952210.0,5.05,3.31,1.56,4.52
2025-02-07,300620,47.9,48.62,49.78,47.48,156324,761948279.0,4.72,-0.18,-0.09,6.33
2025-02-10,300620,49.16,49.72,50.08,48.72,118149,585919304.0,2.8,2.26,1.1,4.79
2025-02-11,300620,49.57,49.2,50.15,48.85,113005,559853938.0,2.61,-1.05,-0.52,4.58
2025-02-12,300620,48.88,49.4,49.59,48.85,84444,415337126.0,1.5,0.41,0.2,3.42
2025-02-13,300620,49.2,48.88,50.47,48.62,149168,739657601.0,3.74,-1.05,-0.52,6.04
2025-02-14,300620,48.93,48.25,50.48,47.85,117010,571915418.0,5.38,-1.29,-0.63,4.74
2025-02-17,300620,48.56,50.26,50.82,48.38,181502,906575617.0,5.06,4.17,2.01,7.35
2025-02-18,300620,49.81,48.86,51.28,48.52,132522,662360479.0,5.49,-2.79,-1.4,5.37
2025-02-19,300620,48.6,49.99,50.2,48.01,114731,568210547.0,4.48,2.31,1.13,4.65
2025-02-20,300620,50.6,52.6,52.99,49.38,272117,1407387283.0,7.22,5.22,2.61,11.02
2025-02-21,300620,52.35,52.63,53.48,51.35,223565,1172959555.0,4.05,0.06,0.03,9.06
2025-02-24,300620,52.0,54.51,55.35,51.46,223603,1200874298.0,7.39,3.57,1.88,9.06
2025-02-25,300620,53.0,52.9,53.83,52.0,164913,872550077.0,3.36,-2.95,-1.61,6.68
2025-02-26,300620,52.85,53.39,53.39,51.51,134186,704190071.0,3.55,0.93,0.49,5.44
2025-02-27,300620,53.77,51.44,53.99,50.38,139434,725658802.0,6.76,-3.65,-1.95,5.65
2025-02-28,300620,50.45,47.05,50.98,47.0,114744,559962290.0,7.74,-8.53,-4.39,4.65
2025-03-03,300620,47.57,47.49,48.12,46.39,66754,317606249.0,3.68,0.94,0.44,2.7
2025-03-04,300620,46.21,47.87,48.06,46.21,56649,268928233.0,3.9,0.8,0.38,2.29
2025-03-05,300620,48.21,48.15,48.75,47.55,51625,248133875.0,2.51,0.58,0.28,2.09
2025-03-06,300620,48.29,49.42,49.45,48.03,76211,372327369.0,2.95,2.64,1.27,3.09
2025-03-07,300620,49.01,47.89,49.29,47.69,69876,339097723.0,3.24,-3.1,-1.53,2.83
2025-03-10,300620,47.78,48.9,49.03,47.66,55284,266677049.0,2.86,2.11,1.01,2.24
2025-03-11,300620,47.88,48.17,48.44,47.75,45245,217340446.0,1.41,-1.49,-0.73,1.83
2025-03-12,300620,50.0,49.41,51.98,49.41,133434,675664872.0,5.34,2.57,1.24,5.41
2025-03-13,300620,50.29,48.16,50.6,47.55,84047,409293985.0,6.17,-2.53,-1.25,3.4
2025-03-14,300620,47.75,49.43,49.7,47.39,80765,395446085.0,4.8,2.64,1.27,3.27
2025-03-17,300620,49.77,50.92,51.45,49.75,108544,550906956.0,3.44,3.01,1.49,4.4
2025-03-18,300620,51.01,51.0,51.47,50.03,90600,459745275.0,2.83,0.16,0.08,3.67
2025-03-19,300620,50.99,49.12,50.99,48.92,76887,381360298.0,4.06,-3.69,-1.88,3.11
2025-03-20,300620,49.02,48.55,49.41,48.52,49553,242712267.0,1.81,-1.16,-0.57,2.01
2025-03-21,300620,48.46,47.27,48.79,47.26,60021,287222366.0,3.15,-2.64,-1.28,2.43
2025-03-24,300620,47.28,47.05,47.98,45.72,53045,247959297.0,4.78,-0.47,-0.22,2.15
2025-03-25,300620,47.65,47.41,48.8,47.35,54428,260766388.0,3.08,0.77,0.36,2.2
2025-03-26,300620,47.01,48.44,48.77,46.91,59145,284520309.0,3.92,2.17,1.03,2.4
2025-03-27,300620,47.5,47.95,48.43,46.7,59332,282358747.0,3.57,-1.01,-0.49,2.4
2025-03-28,300620,47.88,48.58,49.26,47.8,72592,353429880.0,3.04,1.31,0.63,2.94
2025-03-31,300620,47.4,46.4,47.88,45.32,81681,380657243.0,5.27,-4.49,-2.18,3.31
2025-04-01,300620,46.28,45.97,46.55,45.9,37508,173019978.0,1.4,-0.93,-0.43,1.52
2025-04-02,300620,46.4,46.23,47.11,46.08,37450,174432589.0,2.24,0.57,0.26,1.52
2025-04-03,300620,45.0,44.3,46.0,43.66,55623,249067021.59,5.06,-4.17,-1.93,2.25
